[2026-05-31 08:28:54] production.ERROR: No application encryption key has been specified. {"exception":"[object] (Illuminate\\Encryption\\MissingAppKeyException(code: 0): No application encryption key has been specified. at /Users/Shared/dự án /hostist-vps/vendor/laravel/framework/src/Illuminate/Encryption/EncryptionServiceProvider.php:79)
[stacktrace]
#0 /Users/Shared/dự án /hostist-vps/vendor/laravel/framework/src/Illuminate/Support/helpers.php(307): Illuminate\\Encryption\\EncryptionServiceProvider->Illuminate\\Encryption\\{closure}(NULL)
#1 /Users/Shared/dự án /hostist-vps/vendor/laravel/framework/src/Illuminate/Encryption/EncryptionServiceProvider.php(77): tap(NULL, Object(Closure))
#2 /Users/Shared/dự án /hostist-vps/vendor/laravel/framework/src/Illuminate/Encryption/EncryptionServiceProvider.php(60): Illuminate\\Encryption\\EncryptionServiceProvider->key(Array)
#3 /Users/Shared/dự án /hostist-vps/vendor/laravel/framework/src/Illuminate/Encryption/EncryptionServiceProvider.php(32): Illuminate\\Encryption\\EncryptionServiceProvider->parseKey(Array)
#4 /Users/Shared/dự án /hostist-vps/vendor/laravel/framework/src/Illuminate/Container/Container.php(908): Illuminate\\Encryption\\EncryptionServiceProvider->Illuminate\\Encryption\\{closure}(Object(Illuminate\\Foundation\\Application), Array)
#5 /Users/Shared/dự án /hostist-vps/vendor/laravel/framework/src/Illuminate/Container/Container.php(795): Illuminate\\Container\\Container->build(Object(Closure))
#6 /Users/Shared/dự án /hostist-vps/vendor/laravel/framework/src/Illuminate/Foundation/Application.php(963): Illuminate\\Container\\Container->resolve('encrypter', Array, true)
#7 /Users/Shared/dự án /hostist-vps/vendor/laravel/framework/src/Illuminate/Container/Container.php(731): Illuminate\\Foundation\\Application->resolve('encrypter', Array)
#8 /Users/Shared/dự án /hostist-vps/vendor/laravel/framework/src/Illuminate/Foundation/Application.php(948): Illuminate\\Container\\Container->make('encrypter', Array)
#9 /Users/Shared/dự án /hostist-vps/vendor/laravel/framework/src/Illuminate/Container/Container.php(1066): Illuminate\\Foundation\\Application->make('encrypter')
#10 /Users/Shared/dự án /hostist-vps/vendor/laravel/framework/src/Illuminate/Container/Container.php(982): Illuminate\\Container\\Container->resolveClass(Object(ReflectionParameter))
#11 /Users/Shared/dự án /hostist-vps/vendor/laravel/framework/src/Illuminate/Container/Container.php(943): Illuminate\\Container\\Container->resolveDependencies(Array)
#12 /Users/Shared/dự án /hostist-vps/vendor/laravel/framework/src/Illuminate/Container/Container.php(795): Illuminate\\Container\\Container->build('App\\\\Http\\\\Middle...')
#13 /Users/Shared/dự án /hostist-vps/vendor/laravel/framework/src/Illuminate/Foundation/Application.php(963): Illuminate\\Container\\Container->resolve('App\\\\Http\\\\Middle...', Array, true)
#14 /Users/Shared/dự án /hostist-vps/vendor/laravel/framework/src/Illuminate/Container/Container.php(731): Illuminate\\Foundation\\Application->resolve('App\\\\Http\\\\Middle...', Array)
#15 /Users/Shared/dự án /hostist-vps/vendor/laravel/framework/src/Illuminate/Foundation/Application.php(948): Illuminate\\Container\\Container->make('App\\\\Http\\\\Middle...', Array)
#16 /Users/Shared/dự án /hostist-vps/vendor/laravel/framework/src/Illuminate/Pipeline/Pipeline.php(172): Illuminate\\Foundation\\Application->make('App\\\\Http\\\\Middle...')
#17 /Users/Shared/dự án /hostist-vps/vendor/laravel/framework/src/Illuminate/Pipeline/Pipeline.php(119): Illuminate\\Pipeline\\Pipeline->Illuminate\\Pipeline\\{closure}(Object(Illuminate\\Http\\Request))
#18 /Users/Shared/dự án /hostist-vps/vendor/laravel/framework/src/Illuminate/Routing/Router.php(805): Illuminate\\Pipeline\\Pipeline->then(Object(Closure))
#19 /Users/Shared/dự án /hostist-vps/vendor/laravel/framework/src/Illuminate/Routing/Router.php(784): Illuminate\\Routing\\Router->runRouteWithinStack(Object(Illuminate\\Routing\\Route), Object(Illuminate\\Http\\Request))
#20 /Users/Shared/dự án /hostist-vps/vendor/laravel/framework/src/Illuminate/Routing/Router.php(748): Illuminate\\Routing\\Router->runRoute(Object(Illuminate\\Http\\Request), Object(Illuminate\\Routing\\Route))
#21 /Users/Shared/dự án /hostist-vps/vendor/laravel/framework/src/Illuminate/Routing/Router.php(737): Illuminate\\Routing\\Router->dispatchToRoute(Object(Illuminate\\Http\\Request))
#22 /Users/Shared/dự án /hostist-vps/vendor/laravel/framework/src/Illuminate/Foundation/Http/Kernel.php(200): Illuminate\\Routing\\Router->dispatch(Object(Illuminate\\Http\\Request))
#23 /Users/Shared/dự án /hostist-vps/vendor/laravel/framework/src/Illuminate/Pipeline/Pipeline.php(144): Illuminate\\Foundation\\Http\\Kernel->Illuminate\\Foundation\\Http\\{closure}(Object(Illuminate\\Http\\Request))
#24 /Users/Shared/dự án /hostist-vps/vendor/laravel/framework/src/Illuminate/Foundation/Http/Middleware/TransformsRequest.php(21): Illuminate\\Pipeline\\Pipeline->Illuminate\\Pipeline\\{closure}(Object(Illuminate\\Http\\Request))
#25 /Users/Shared/dự án /hostist-vps/vendor/laravel/framework/src/Illuminate/Foundation/Http/Middleware/ConvertEmptyStringsToNull.php(31): Illuminate\\Foundation\\Http\\Middleware\\TransformsRequest->handle(Object(Illuminate\\Http\\Request), Object(Closure))
#26 /Users/Shared/dự án /hostist-vps/vendor/laravel/framework/src/Illuminate/Pipeline/Pipeline.php(183): Illuminate\\Foundation\\Http\\Middleware\\ConvertEmptyStringsToNull->handle(Object(Illuminate\\Http\\Request), Object(Closure))
#27 /Users/Shared/dự án /hostist-vps/vendor/laravel/framework/src/Illuminate/Foundation/Http/Middleware/TransformsRequest.php(21): Illuminate\\Pipeline\\Pipeline->Illuminate\\Pipeline\\{closure}(Object(Illuminate\\Http\\Request))
#28 /Users/Shared/dự án /hostist-vps/vendor/laravel/framework/src/Illuminate/Foundation/Http/Middleware/TrimStrings.php(40): Illuminate\\Foundation\\Http\\Middleware\\TransformsRequest->handle(Object(Illuminate\\Http\\Request), Object(Closure))
#29 /Users/Shared/dự án /hostist-vps/vendor/laravel/framework/src/Illuminate/Pipeline/Pipeline.php(183): Illuminate\\Foundation\\Http\\Middleware\\TrimStrings->handle(Object(Illuminate\\Http\\Request), Object(Closure))
#30 /Users/Shared/dự án /hostist-vps/vendor/laravel/framework/src/Illuminate/Foundation/Http/Middleware/ValidatePostSize.php(27): Illuminate\\Pipeline\\Pipeline->Illuminate\\Pipeline\\{closure}(Object(Illuminate\\Http\\Request))
#31 /Users/Shared/dự án /hostist-vps/vendor/laravel/framework/src/Illuminate/Pipeline/Pipeline.php(183): Illuminate\\Foundation\\Http\\Middleware\\ValidatePostSize->handle(Object(Illuminate\\Http\\Request), Object(Closure))
#32 /Users/Shared/dự án /hostist-vps/vendor/laravel/framework/src/Illuminate/Foundation/Http/Middleware/PreventRequestsDuringMaintenance.php(99): Illuminate\\Pipeline\\Pipeline->Illuminate\\Pipeline\\{closure}(Object(Illuminate\\Http\\Request))
#33 /Users/Shared/dự án /hostist-vps/vendor/laravel/framework/src/Illuminate/Pipeline/Pipeline.php(183): Illuminate\\Foundation\\Http\\Middleware\\PreventRequestsDuringMaintenance->handle(Object(Illuminate\\Http\\Request), Object(Closure))
#34 /Users/Shared/dự án /hostist-vps/vendor/laravel/framework/src/Illuminate/Http/Middleware/HandleCors.php(49): Illuminate\\Pipeline\\Pipeline->Illuminate\\Pipeline\\{closure}(Object(Illuminate\\Http\\Request))
#35 /Users/Shared/dự án /hostist-vps/vendor/laravel/framework/src/Illuminate/Pipeline/Pipeline.php(183): Illuminate\\Http\\Middleware\\HandleCors->handle(Object(Illuminate\\Http\\Request), Object(Closure))
#36 /Users/Shared/dự án /hostist-vps/vendor/laravel/framework/src/Illuminate/Http/Middleware/TrustProxies.php(39): Illuminate\\Pipeline\\Pipeline->Illuminate\\Pipeline\\{closure}(Object(Illuminate\\Http\\Request))
#37 /Users/Shared/dự án /hostist-vps/vendor/laravel/framework/src/Illuminate/Pipeline/Pipeline.php(183): Illuminate\\Http\\Middleware\\TrustProxies->handle(Object(Illuminate\\Http\\Request), Object(Closure))
#38 /Users/Shared/dự án /hostist-vps/vendor/laravel/framework/src/Illuminate/Pipeline/Pipeline.php(119): Illuminate\\Pipeline\\Pipeline->Illuminate\\Pipeline\\{closure}(Object(Illuminate\\Http\\Request))
#39 /Users/Shared/dự án /hostist-vps/vendor/laravel/framework/src/Illuminate/Foundation/Http/Kernel.php(175): Illuminate\\Pipeline\\Pipeline->then(Object(Closure))
#40 /Users/Shared/dự án /hostist-vps/vendor/laravel/framework/src/Illuminate/Foundation/Http/Kernel.php(144): Illuminate\\Foundation\\Http\\Kernel->sendRequestThroughRouter(Object(Illuminate\\Http\\Request))
#41 /Users/Shared/dự án /hostist-vps/public/index.php(51): Illuminate\\Foundation\\Http\\Kernel->handle(Object(Illuminate\\Http\\Request))
#42 /Users/Shared/dự án /hostist-vps/vendor/laravel/framework/src/Illuminate/Foundation/resources/server.php(16): require_once('/Users/Shared/d...')
#43 {main}
"} 
[2026-05-31 08:28:54] production.ERROR: No application encryption key has been specified. {"exception":"[object] (Illuminate\\Encryption\\MissingAppKeyException(code: 0): No application encryption key has been specified. at /Users/Shared/dự án /hostist-vps/vendor/laravel/framework/src/Illuminate/Encryption/EncryptionServiceProvider.php:79)
[stacktrace]
#0 /Users/Shared/dự án /hostist-vps/vendor/laravel/framework/src/Illuminate/Support/helpers.php(307): Illuminate\\Encryption\\EncryptionServiceProvider->Illuminate\\Encryption\\{closure}(NULL)
#1 /Users/Shared/dự án /hostist-vps/vendor/laravel/framework/src/Illuminate/Encryption/EncryptionServiceProvider.php(77): tap(NULL, Object(Closure))
#2 /Users/Shared/dự án /hostist-vps/vendor/laravel/framework/src/Illuminate/Encryption/EncryptionServiceProvider.php(60): Illuminate\\Encryption\\EncryptionServiceProvider->key(Array)
#3 /Users/Shared/dự án /hostist-vps/vendor/laravel/framework/src/Illuminate/Encryption/EncryptionServiceProvider.php(32): Illuminate\\Encryption\\EncryptionServiceProvider->parseKey(Array)
#4 /Users/Shared/dự án /hostist-vps/vendor/laravel/framework/src/Illuminate/Container/Container.php(908): Illuminate\\Encryption\\EncryptionServiceProvider->Illuminate\\Encryption\\{closure}(Object(Illuminate\\Foundation\\Application), Array)
#5 /Users/Shared/dự án /hostist-vps/vendor/laravel/framework/src/Illuminate/Container/Container.php(795): Illuminate\\Container\\Container->build(Object(Closure))
#6 /Users/Shared/dự án /hostist-vps/vendor/laravel/framework/src/Illuminate/Foundation/Application.php(963): Illuminate\\Container\\Container->resolve('encrypter', Array, true)
#7 /Users/Shared/dự án /hostist-vps/vendor/laravel/framework/src/Illuminate/Container/Container.php(731): Illuminate\\Foundation\\Application->resolve('encrypter', Array)
#8 /Users/Shared/dự án /hostist-vps/vendor/laravel/framework/src/Illuminate/Foundation/Application.php(948): Illuminate\\Container\\Container->make('encrypter', Array)
#9 /Users/Shared/dự án /hostist-vps/vendor/laravel/framework/src/Illuminate/Container/Container.php(1066): Illuminate\\Foundation\\Application->make('encrypter')
#10 /Users/Shared/dự án /hostist-vps/vendor/laravel/framework/src/Illuminate/Container/Container.php(982): Illuminate\\Container\\Container->resolveClass(Object(ReflectionParameter))
#11 /Users/Shared/dự án /hostist-vps/vendor/laravel/framework/src/Illuminate/Container/Container.php(943): Illuminate\\Container\\Container->resolveDependencies(Array)
#12 /Users/Shared/dự án /hostist-vps/vendor/laravel/framework/src/Illuminate/Container/Container.php(795): Illuminate\\Container\\Container->build('App\\\\Http\\\\Middle...')
#13 /Users/Shared/dự án /hostist-vps/vendor/laravel/framework/src/Illuminate/Foundation/Application.php(963): Illuminate\\Container\\Container->resolve('App\\\\Http\\\\Middle...', Array, true)
#14 /Users/Shared/dự án /hostist-vps/vendor/laravel/framework/src/Illuminate/Container/Container.php(731): Illuminate\\Foundation\\Application->resolve('App\\\\Http\\\\Middle...', Array)
#15 /Users/Shared/dự án /hostist-vps/vendor/laravel/framework/src/Illuminate/Foundation/Application.php(948): Illuminate\\Container\\Container->make('App\\\\Http\\\\Middle...', Array)
#16 /Users/Shared/dự án /hostist-vps/vendor/laravel/framework/src/Illuminate/Foundation/Http/Kernel.php(255): Illuminate\\Foundation\\Application->make('App\\\\Http\\\\Middle...')
#17 /Users/Shared/dự án /hostist-vps/vendor/laravel/framework/src/Illuminate/Foundation/Http/Kernel.php(213): Illuminate\\Foundation\\Http\\Kernel->terminateMiddleware(Object(Illuminate\\Http\\Request), Object(Illuminate\\Http\\Response))
#18 /Users/Shared/dự án /hostist-vps/public/index.php(55): Illuminate\\Foundation\\Http\\Kernel->terminate(Object(Illuminate\\Http\\Request), Object(Illuminate\\Http\\Response))
#19 /Users/Shared/dự án /hostist-vps/vendor/laravel/framework/src/Illuminate/Foundation/resources/server.php(16): require_once('/Users/Shared/d...')
#20 {main}
"} 
[2026-05-31 08:29:09] production.ERROR: No application encryption key has been specified. {"exception":"[object] (Illuminate\\Encryption\\MissingAppKeyException(code: 0): No application encryption key has been specified. at /Users/Shared/dự án /hostist-vps/vendor/laravel/framework/src/Illuminate/Encryption/EncryptionServiceProvider.php:79)
[stacktrace]
#0 /Users/Shared/dự án /hostist-vps/vendor/laravel/framework/src/Illuminate/Support/helpers.php(307): Illuminate\\Encryption\\EncryptionServiceProvider->Illuminate\\Encryption\\{closure}(NULL)
#1 /Users/Shared/dự án /hostist-vps/vendor/laravel/framework/src/Illuminate/Encryption/EncryptionServiceProvider.php(77): tap(NULL, Object(Closure))
#2 /Users/Shared/dự án /hostist-vps/vendor/laravel/framework/src/Illuminate/Encryption/EncryptionServiceProvider.php(60): Illuminate\\Encryption\\EncryptionServiceProvider->key(Array)
#3 /Users/Shared/dự án /hostist-vps/vendor/laravel/framework/src/Illuminate/Encryption/EncryptionServiceProvider.php(32): Illuminate\\Encryption\\EncryptionServiceProvider->parseKey(Array)
#4 /Users/Shared/dự án /hostist-vps/vendor/laravel/framework/src/Illuminate/Container/Container.php(908): Illuminate\\Encryption\\EncryptionServiceProvider->Illuminate\\Encryption\\{closure}(Object(Illuminate\\Foundation\\Application), Array)
#5 /Users/Shared/dự án /hostist-vps/vendor/laravel/framework/src/Illuminate/Container/Container.php(795): Illuminate\\Container\\Container->build(Object(Closure))
#6 /Users/Shared/dự án /hostist-vps/vendor/laravel/framework/src/Illuminate/Foundation/Application.php(963): Illuminate\\Container\\Container->resolve('encrypter', Array, true)
#7 /Users/Shared/dự án /hostist-vps/vendor/laravel/framework/src/Illuminate/Container/Container.php(731): Illuminate\\Foundation\\Application->resolve('encrypter', Array)
#8 /Users/Shared/dự án /hostist-vps/vendor/laravel/framework/src/Illuminate/Foundation/Application.php(948): Illuminate\\Container\\Container->make('encrypter', Array)
#9 /Users/Shared/dự án /hostist-vps/vendor/laravel/framework/src/Illuminate/Container/Container.php(1066): Illuminate\\Foundation\\Application->make('encrypter')
#10 /Users/Shared/dự án /hostist-vps/vendor/laravel/framework/src/Illuminate/Container/Container.php(982): Illuminate\\Container\\Container->resolveClass(Object(ReflectionParameter))
#11 /Users/Shared/dự án /hostist-vps/vendor/laravel/framework/src/Illuminate/Container/Container.php(943): Illuminate\\Container\\Container->resolveDependencies(Array)
#12 /Users/Shared/dự án /hostist-vps/vendor/laravel/framework/src/Illuminate/Container/Container.php(795): Illuminate\\Container\\Container->build('App\\\\Http\\\\Middle...')
#13 /Users/Shared/dự án /hostist-vps/vendor/laravel/framework/src/Illuminate/Foundation/Application.php(963): Illuminate\\Container\\Container->resolve('App\\\\Http\\\\Middle...', Array, true)
#14 /Users/Shared/dự án /hostist-vps/vendor/laravel/framework/src/Illuminate/Container/Container.php(731): Illuminate\\Foundation\\Application->resolve('App\\\\Http\\\\Middle...', Array)
#15 /Users/Shared/dự án /hostist-vps/vendor/laravel/framework/src/Illuminate/Foundation/Application.php(948): Illuminate\\Container\\Container->make('App\\\\Http\\\\Middle...', Array)
#16 /Users/Shared/dự án /hostist-vps/vendor/laravel/framework/src/Illuminate/Pipeline/Pipeline.php(172): Illuminate\\Foundation\\Application->make('App\\\\Http\\\\Middle...')
#17 /Users/Shared/dự án /hostist-vps/vendor/laravel/framework/src/Illuminate/Pipeline/Pipeline.php(119): Illuminate\\Pipeline\\Pipeline->Illuminate\\Pipeline\\{closure}(Object(Illuminate\\Http\\Request))
#18 /Users/Shared/dự án /hostist-vps/vendor/laravel/framework/src/Illuminate/Routing/Router.php(805): Illuminate\\Pipeline\\Pipeline->then(Object(Closure))
#19 /Users/Shared/dự án /hostist-vps/vendor/laravel/framework/src/Illuminate/Routing/Router.php(784): Illuminate\\Routing\\Router->runRouteWithinStack(Object(Illuminate\\Routing\\Route), Object(Illuminate\\Http\\Request))
#20 /Users/Shared/dự án /hostist-vps/vendor/laravel/framework/src/Illuminate/Routing/Router.php(748): Illuminate\\Routing\\Router->runRoute(Object(Illuminate\\Http\\Request), Object(Illuminate\\Routing\\Route))
#21 /Users/Shared/dự án /hostist-vps/vendor/laravel/framework/src/Illuminate/Routing/Router.php(737): Illuminate\\Routing\\Router->dispatchToRoute(Object(Illuminate\\Http\\Request))
#22 /Users/Shared/dự án /hostist-vps/vendor/laravel/framework/src/Illuminate/Foundation/Http/Kernel.php(200): Illuminate\\Routing\\Router->dispatch(Object(Illuminate\\Http\\Request))
#23 /Users/Shared/dự án /hostist-vps/vendor/laravel/framework/src/Illuminate/Pipeline/Pipeline.php(144): Illuminate\\Foundation\\Http\\Kernel->Illuminate\\Foundation\\Http\\{closure}(Object(Illuminate\\Http\\Request))
#24 /Users/Shared/dự án /hostist-vps/vendor/laravel/framework/src/Illuminate/Foundation/Http/Middleware/TransformsRequest.php(21): Illuminate\\Pipeline\\Pipeline->Illuminate\\Pipeline\\{closure}(Object(Illuminate\\Http\\Request))
#25 /Users/Shared/dự án /hostist-vps/vendor/laravel/framework/src/Illuminate/Foundation/Http/Middleware/ConvertEmptyStringsToNull.php(31): Illuminate\\Foundation\\Http\\Middleware\\TransformsRequest->handle(Object(Illuminate\\Http\\Request), Object(Closure))
#26 /Users/Shared/dự án /hostist-vps/vendor/laravel/framework/src/Illuminate/Pipeline/Pipeline.php(183): Illuminate\\Foundation\\Http\\Middleware\\ConvertEmptyStringsToNull->handle(Object(Illuminate\\Http\\Request), Object(Closure))
#27 /Users/Shared/dự án /hostist-vps/vendor/laravel/framework/src/Illuminate/Foundation/Http/Middleware/TransformsRequest.php(21): Illuminate\\Pipeline\\Pipeline->Illuminate\\Pipeline\\{closure}(Object(Illuminate\\Http\\Request))
#28 /Users/Shared/dự án /hostist-vps/vendor/laravel/framework/src/Illuminate/Foundation/Http/Middleware/TrimStrings.php(40): Illuminate\\Foundation\\Http\\Middleware\\TransformsRequest->handle(Object(Illuminate\\Http\\Request), Object(Closure))
#29 /Users/Shared/dự án /hostist-vps/vendor/laravel/framework/src/Illuminate/Pipeline/Pipeline.php(183): Illuminate\\Foundation\\Http\\Middleware\\TrimStrings->handle(Object(Illuminate\\Http\\Request), Object(Closure))
#30 /Users/Shared/dự án /hostist-vps/vendor/laravel/framework/src/Illuminate/Foundation/Http/Middleware/ValidatePostSize.php(27): Illuminate\\Pipeline\\Pipeline->Illuminate\\Pipeline\\{closure}(Object(Illuminate\\Http\\Request))
#31 /Users/Shared/dự án /hostist-vps/vendor/laravel/framework/src/Illuminate/Pipeline/Pipeline.php(183): Illuminate\\Foundation\\Http\\Middleware\\ValidatePostSize->handle(Object(Illuminate\\Http\\Request), Object(Closure))
#32 /Users/Shared/dự án /hostist-vps/vendor/laravel/framework/src/Illuminate/Foundation/Http/Middleware/PreventRequestsDuringMaintenance.php(99): Illuminate\\Pipeline\\Pipeline->Illuminate\\Pipeline\\{closure}(Object(Illuminate\\Http\\Request))
#33 /Users/Shared/dự án /hostist-vps/vendor/laravel/framework/src/Illuminate/Pipeline/Pipeline.php(183): Illuminate\\Foundation\\Http\\Middleware\\PreventRequestsDuringMaintenance->handle(Object(Illuminate\\Http\\Request), Object(Closure))
#34 /Users/Shared/dự án /hostist-vps/vendor/laravel/framework/src/Illuminate/Http/Middleware/HandleCors.php(49): Illuminate\\Pipeline\\Pipeline->Illuminate\\Pipeline\\{closure}(Object(Illuminate\\Http\\Request))
#35 /Users/Shared/dự án /hostist-vps/vendor/laravel/framework/src/Illuminate/Pipeline/Pipeline.php(183): Illuminate\\Http\\Middleware\\HandleCors->handle(Object(Illuminate\\Http\\Request), Object(Closure))
#36 /Users/Shared/dự án /hostist-vps/vendor/laravel/framework/src/Illuminate/Http/Middleware/TrustProxies.php(39): Illuminate\\Pipeline\\Pipeline->Illuminate\\Pipeline\\{closure}(Object(Illuminate\\Http\\Request))
#37 /Users/Shared/dự án /hostist-vps/vendor/laravel/framework/src/Illuminate/Pipeline/Pipeline.php(183): Illuminate\\Http\\Middleware\\TrustProxies->handle(Object(Illuminate\\Http\\Request), Object(Closure))
#38 /Users/Shared/dự án /hostist-vps/vendor/laravel/framework/src/Illuminate/Pipeline/Pipeline.php(119): Illuminate\\Pipeline\\Pipeline->Illuminate\\Pipeline\\{closure}(Object(Illuminate\\Http\\Request))
#39 /Users/Shared/dự án /hostist-vps/vendor/laravel/framework/src/Illuminate/Foundation/Http/Kernel.php(175): Illuminate\\Pipeline\\Pipeline->then(Object(Closure))
#40 /Users/Shared/dự án /hostist-vps/vendor/laravel/framework/src/Illuminate/Foundation/Http/Kernel.php(144): Illuminate\\Foundation\\Http\\Kernel->sendRequestThroughRouter(Object(Illuminate\\Http\\Request))
#41 /Users/Shared/dự án /hostist-vps/public/index.php(51): Illuminate\\Foundation\\Http\\Kernel->handle(Object(Illuminate\\Http\\Request))
#42 /Users/Shared/dự án /hostist-vps/vendor/laravel/framework/src/Illuminate/Foundation/resources/server.php(16): require_once('/Users/Shared/d...')
#43 {main}
"} 
[2026-05-31 08:29:09] production.ERROR: No application encryption key has been specified. {"exception":"[object] (Illuminate\\Encryption\\MissingAppKeyException(code: 0): No application encryption key has been specified. at /Users/Shared/dự án /hostist-vps/vendor/laravel/framework/src/Illuminate/Encryption/EncryptionServiceProvider.php:79)
[stacktrace]
#0 /Users/Shared/dự án /hostist-vps/vendor/laravel/framework/src/Illuminate/Support/helpers.php(307): Illuminate\\Encryption\\EncryptionServiceProvider->Illuminate\\Encryption\\{closure}(NULL)
#1 /Users/Shared/dự án /hostist-vps/vendor/laravel/framework/src/Illuminate/Encryption/EncryptionServiceProvider.php(77): tap(NULL, Object(Closure))
#2 /Users/Shared/dự án /hostist-vps/vendor/laravel/framework/src/Illuminate/Encryption/EncryptionServiceProvider.php(60): Illuminate\\Encryption\\EncryptionServiceProvider->key(Array)
#3 /Users/Shared/dự án /hostist-vps/vendor/laravel/framework/src/Illuminate/Encryption/EncryptionServiceProvider.php(32): Illuminate\\Encryption\\EncryptionServiceProvider->parseKey(Array)
#4 /Users/Shared/dự án /hostist-vps/vendor/laravel/framework/src/Illuminate/Container/Container.php(908): Illuminate\\Encryption\\EncryptionServiceProvider->Illuminate\\Encryption\\{closure}(Object(Illuminate\\Foundation\\Application), Array)
#5 /Users/Shared/dự án /hostist-vps/vendor/laravel/framework/src/Illuminate/Container/Container.php(795): Illuminate\\Container\\Container->build(Object(Closure))
#6 /Users/Shared/dự án /hostist-vps/vendor/laravel/framework/src/Illuminate/Foundation/Application.php(963): Illuminate\\Container\\Container->resolve('encrypter', Array, true)
#7 /Users/Shared/dự án /hostist-vps/vendor/laravel/framework/src/Illuminate/Container/Container.php(731): Illuminate\\Foundation\\Application->resolve('encrypter', Array)
#8 /Users/Shared/dự án /hostist-vps/vendor/laravel/framework/src/Illuminate/Foundation/Application.php(948): Illuminate\\Container\\Container->make('encrypter', Array)
#9 /Users/Shared/dự án /hostist-vps/vendor/laravel/framework/src/Illuminate/Container/Container.php(1066): Illuminate\\Foundation\\Application->make('encrypter')
#10 /Users/Shared/dự án /hostist-vps/vendor/laravel/framework/src/Illuminate/Container/Container.php(982): Illuminate\\Container\\Container->resolveClass(Object(ReflectionParameter))
#11 /Users/Shared/dự án /hostist-vps/vendor/laravel/framework/src/Illuminate/Container/Container.php(943): Illuminate\\Container\\Container->resolveDependencies(Array)
#12 /Users/Shared/dự án /hostist-vps/vendor/laravel/framework/src/Illuminate/Container/Container.php(795): Illuminate\\Container\\Container->build('App\\\\Http\\\\Middle...')
#13 /Users/Shared/dự án /hostist-vps/vendor/laravel/framework/src/Illuminate/Foundation/Application.php(963): Illuminate\\Container\\Container->resolve('App\\\\Http\\\\Middle...', Array, true)
#14 /Users/Shared/dự án /hostist-vps/vendor/laravel/framework/src/Illuminate/Container/Container.php(731): Illuminate\\Foundation\\Application->resolve('App\\\\Http\\\\Middle...', Array)
#15 /Users/Shared/dự án /hostist-vps/vendor/laravel/framework/src/Illuminate/Foundation/Application.php(948): Illuminate\\Container\\Container->make('App\\\\Http\\\\Middle...', Array)
#16 /Users/Shared/dự án /hostist-vps/vendor/laravel/framework/src/Illuminate/Foundation/Http/Kernel.php(255): Illuminate\\Foundation\\Application->make('App\\\\Http\\\\Middle...')
#17 /Users/Shared/dự án /hostist-vps/vendor/laravel/framework/src/Illuminate/Foundation/Http/Kernel.php(213): Illuminate\\Foundation\\Http\\Kernel->terminateMiddleware(Object(Illuminate\\Http\\Request), Object(Illuminate\\Http\\Response))
#18 /Users/Shared/dự án /hostist-vps/public/index.php(55): Illuminate\\Foundation\\Http\\Kernel->terminate(Object(Illuminate\\Http\\Request), Object(Illuminate\\Http\\Response))
#19 /Users/Shared/dự án /hostist-vps/vendor/laravel/framework/src/Illuminate/Foundation/resources/server.php(16): require_once('/Users/Shared/d...')
#20 {main}
"} 
[2026-05-31 08:29:10] production.ERROR: No application encryption key has been specified. {"exception":"[object] (Illuminate\\Encryption\\MissingAppKeyException(code: 0): No application encryption key has been specified. at /Users/Shared/dự án /hostist-vps/vendor/laravel/framework/src/Illuminate/Encryption/EncryptionServiceProvider.php:79)
[stacktrace]
#0 /Users/Shared/dự án /hostist-vps/vendor/laravel/framework/src/Illuminate/Support/helpers.php(307): Illuminate\\Encryption\\EncryptionServiceProvider->Illuminate\\Encryption\\{closure}(NULL)
#1 /Users/Shared/dự án /hostist-vps/vendor/laravel/framework/src/Illuminate/Encryption/EncryptionServiceProvider.php(77): tap(NULL, Object(Closure))
#2 /Users/Shared/dự án /hostist-vps/vendor/laravel/framework/src/Illuminate/Encryption/EncryptionServiceProvider.php(60): Illuminate\\Encryption\\EncryptionServiceProvider->key(Array)
#3 /Users/Shared/dự án /hostist-vps/vendor/laravel/framework/src/Illuminate/Encryption/EncryptionServiceProvider.php(32): Illuminate\\Encryption\\EncryptionServiceProvider->parseKey(Array)
#4 /Users/Shared/dự án /hostist-vps/vendor/laravel/framework/src/Illuminate/Container/Container.php(908): Illuminate\\Encryption\\EncryptionServiceProvider->Illuminate\\Encryption\\{closure}(Object(Illuminate\\Foundation\\Application), Array)
#5 /Users/Shared/dự án /hostist-vps/vendor/laravel/framework/src/Illuminate/Container/Container.php(795): Illuminate\\Container\\Container->build(Object(Closure))
#6 /Users/Shared/dự án /hostist-vps/vendor/laravel/framework/src/Illuminate/Foundation/Application.php(963): Illuminate\\Container\\Container->resolve('encrypter', Array, true)
#7 /Users/Shared/dự án /hostist-vps/vendor/laravel/framework/src/Illuminate/Container/Container.php(731): Illuminate\\Foundation\\Application->resolve('encrypter', Array)
#8 /Users/Shared/dự án /hostist-vps/vendor/laravel/framework/src/Illuminate/Foundation/Application.php(948): Illuminate\\Container\\Container->make('encrypter', Array)
#9 /Users/Shared/dự án /hostist-vps/vendor/laravel/framework/src/Illuminate/Container/Container.php(1066): Illuminate\\Foundation\\Application->make('encrypter')
#10 /Users/Shared/dự án /hostist-vps/vendor/laravel/framework/src/Illuminate/Container/Container.php(982): Illuminate\\Container\\Container->resolveClass(Object(ReflectionParameter))
#11 /Users/Shared/dự án /hostist-vps/vendor/laravel/framework/src/Illuminate/Container/Container.php(943): Illuminate\\Container\\Container->resolveDependencies(Array)
#12 /Users/Shared/dự án /hostist-vps/vendor/laravel/framework/src/Illuminate/Container/Container.php(795): Illuminate\\Container\\Container->build('App\\\\Http\\\\Middle...')
#13 /Users/Shared/dự án /hostist-vps/vendor/laravel/framework/src/Illuminate/Foundation/Application.php(963): Illuminate\\Container\\Container->resolve('App\\\\Http\\\\Middle...', Array, true)
#14 /Users/Shared/dự án /hostist-vps/vendor/laravel/framework/src/Illuminate/Container/Container.php(731): Illuminate\\Foundation\\Application->resolve('App\\\\Http\\\\Middle...', Array)
#15 /Users/Shared/dự án /hostist-vps/vendor/laravel/framework/src/Illuminate/Foundation/Application.php(948): Illuminate\\Container\\Container->make('App\\\\Http\\\\Middle...', Array)
#16 /Users/Shared/dự án /hostist-vps/vendor/laravel/framework/src/Illuminate/Pipeline/Pipeline.php(172): Illuminate\\Foundation\\Application->make('App\\\\Http\\\\Middle...')
#17 /Users/Shared/dự án /hostist-vps/vendor/laravel/framework/src/Illuminate/Pipeline/Pipeline.php(119): Illuminate\\Pipeline\\Pipeline->Illuminate\\Pipeline\\{closure}(Object(Illuminate\\Http\\Request))
#18 /Users/Shared/dự án /hostist-vps/vendor/laravel/framework/src/Illuminate/Routing/Router.php(805): Illuminate\\Pipeline\\Pipeline->then(Object(Closure))
#19 /Users/Shared/dự án /hostist-vps/vendor/laravel/framework/src/Illuminate/Routing/Router.php(784): Illuminate\\Routing\\Router->runRouteWithinStack(Object(Illuminate\\Routing\\Route), Object(Illuminate\\Http\\Request))
#20 /Users/Shared/dự án /hostist-vps/vendor/laravel/framework/src/Illuminate/Routing/Router.php(748): Illuminate\\Routing\\Router->runRoute(Object(Illuminate\\Http\\Request), Object(Illuminate\\Routing\\Route))
#21 /Users/Shared/dự án /hostist-vps/vendor/laravel/framework/src/Illuminate/Routing/Router.php(737): Illuminate\\Routing\\Router->dispatchToRoute(Object(Illuminate\\Http\\Request))
#22 /Users/Shared/dự án /hostist-vps/vendor/laravel/framework/src/Illuminate/Foundation/Http/Kernel.php(200): Illuminate\\Routing\\Router->dispatch(Object(Illuminate\\Http\\Request))
#23 /Users/Shared/dự án /hostist-vps/vendor/laravel/framework/src/Illuminate/Pipeline/Pipeline.php(144): Illuminate\\Foundation\\Http\\Kernel->Illuminate\\Foundation\\Http\\{closure}(Object(Illuminate\\Http\\Request))
#24 /Users/Shared/dự án /hostist-vps/vendor/laravel/framework/src/Illuminate/Foundation/Http/Middleware/TransformsRequest.php(21): Illuminate\\Pipeline\\Pipeline->Illuminate\\Pipeline\\{closure}(Object(Illuminate\\Http\\Request))
#25 /Users/Shared/dự án /hostist-vps/vendor/laravel/framework/src/Illuminate/Foundation/Http/Middleware/ConvertEmptyStringsToNull.php(31): Illuminate\\Foundation\\Http\\Middleware\\TransformsRequest->handle(Object(Illuminate\\Http\\Request), Object(Closure))
#26 /Users/Shared/dự án /hostist-vps/vendor/laravel/framework/src/Illuminate/Pipeline/Pipeline.php(183): Illuminate\\Foundation\\Http\\Middleware\\ConvertEmptyStringsToNull->handle(Object(Illuminate\\Http\\Request), Object(Closure))
#27 /Users/Shared/dự án /hostist-vps/vendor/laravel/framework/src/Illuminate/Foundation/Http/Middleware/TransformsRequest.php(21): Illuminate\\Pipeline\\Pipeline->Illuminate\\Pipeline\\{closure}(Object(Illuminate\\Http\\Request))
#28 /Users/Shared/dự án /hostist-vps/vendor/laravel/framework/src/Illuminate/Foundation/Http/Middleware/TrimStrings.php(40): Illuminate\\Foundation\\Http\\Middleware\\TransformsRequest->handle(Object(Illuminate\\Http\\Request), Object(Closure))
#29 /Users/Shared/dự án /hostist-vps/vendor/laravel/framework/src/Illuminate/Pipeline/Pipeline.php(183): Illuminate\\Foundation\\Http\\Middleware\\TrimStrings->handle(Object(Illuminate\\Http\\Request), Object(Closure))
#30 /Users/Shared/dự án /hostist-vps/vendor/laravel/framework/src/Illuminate/Foundation/Http/Middleware/ValidatePostSize.php(27): Illuminate\\Pipeline\\Pipeline->Illuminate\\Pipeline\\{closure}(Object(Illuminate\\Http\\Request))
#31 /Users/Shared/dự án /hostist-vps/vendor/laravel/framework/src/Illuminate/Pipeline/Pipeline.php(183): Illuminate\\Foundation\\Http\\Middleware\\ValidatePostSize->handle(Object(Illuminate\\Http\\Request), Object(Closure))
#32 /Users/Shared/dự án /hostist-vps/vendor/laravel/framework/src/Illuminate/Foundation/Http/Middleware/PreventRequestsDuringMaintenance.php(99): Illuminate\\Pipeline\\Pipeline->Illuminate\\Pipeline\\{closure}(Object(Illuminate\\Http\\Request))
#33 /Users/Shared/dự án /hostist-vps/vendor/laravel/framework/src/Illuminate/Pipeline/Pipeline.php(183): Illuminate\\Foundation\\Http\\Middleware\\PreventRequestsDuringMaintenance->handle(Object(Illuminate\\Http\\Request), Object(Closure))
#34 /Users/Shared/dự án /hostist-vps/vendor/laravel/framework/src/Illuminate/Http/Middleware/HandleCors.php(49): Illuminate\\Pipeline\\Pipeline->Illuminate\\Pipeline\\{closure}(Object(Illuminate\\Http\\Request))
#35 /Users/Shared/dự án /hostist-vps/vendor/laravel/framework/src/Illuminate/Pipeline/Pipeline.php(183): Illuminate\\Http\\Middleware\\HandleCors->handle(Object(Illuminate\\Http\\Request), Object(Closure))
#36 /Users/Shared/dự án /hostist-vps/vendor/laravel/framework/src/Illuminate/Http/Middleware/TrustProxies.php(39): Illuminate\\Pipeline\\Pipeline->Illuminate\\Pipeline\\{closure}(Object(Illuminate\\Http\\Request))
#37 /Users/Shared/dự án /hostist-vps/vendor/laravel/framework/src/Illuminate/Pipeline/Pipeline.php(183): Illuminate\\Http\\Middleware\\TrustProxies->handle(Object(Illuminate\\Http\\Request), Object(Closure))
#38 /Users/Shared/dự án /hostist-vps/vendor/laravel/framework/src/Illuminate/Pipeline/Pipeline.php(119): Illuminate\\Pipeline\\Pipeline->Illuminate\\Pipeline\\{closure}(Object(Illuminate\\Http\\Request))
#39 /Users/Shared/dự án /hostist-vps/vendor/laravel/framework/src/Illuminate/Foundation/Http/Kernel.php(175): Illuminate\\Pipeline\\Pipeline->then(Object(Closure))
#40 /Users/Shared/dự án /hostist-vps/vendor/laravel/framework/src/Illuminate/Foundation/Http/Kernel.php(144): Illuminate\\Foundation\\Http\\Kernel->sendRequestThroughRouter(Object(Illuminate\\Http\\Request))
#41 /Users/Shared/dự án /hostist-vps/public/index.php(51): Illuminate\\Foundation\\Http\\Kernel->handle(Object(Illuminate\\Http\\Request))
#42 /Users/Shared/dự án /hostist-vps/vendor/laravel/framework/src/Illuminate/Foundation/resources/server.php(16): require_once('/Users/Shared/d...')
#43 {main}
"} 
[2026-05-31 08:29:10] production.ERROR: No application encryption key has been specified. {"exception":"[object] (Illuminate\\Encryption\\MissingAppKeyException(code: 0): No application encryption key has been specified. at /Users/Shared/dự án /hostist-vps/vendor/laravel/framework/src/Illuminate/Encryption/EncryptionServiceProvider.php:79)
[stacktrace]
#0 /Users/Shared/dự án /hostist-vps/vendor/laravel/framework/src/Illuminate/Support/helpers.php(307): Illuminate\\Encryption\\EncryptionServiceProvider->Illuminate\\Encryption\\{closure}(NULL)
#1 /Users/Shared/dự án /hostist-vps/vendor/laravel/framework/src/Illuminate/Encryption/EncryptionServiceProvider.php(77): tap(NULL, Object(Closure))
#2 /Users/Shared/dự án /hostist-vps/vendor/laravel/framework/src/Illuminate/Encryption/EncryptionServiceProvider.php(60): Illuminate\\Encryption\\EncryptionServiceProvider->key(Array)
#3 /Users/Shared/dự án /hostist-vps/vendor/laravel/framework/src/Illuminate/Encryption/EncryptionServiceProvider.php(32): Illuminate\\Encryption\\EncryptionServiceProvider->parseKey(Array)
#4 /Users/Shared/dự án /hostist-vps/vendor/laravel/framework/src/Illuminate/Container/Container.php(908): Illuminate\\Encryption\\EncryptionServiceProvider->Illuminate\\Encryption\\{closure}(Object(Illuminate\\Foundation\\Application), Array)
#5 /Users/Shared/dự án /hostist-vps/vendor/laravel/framework/src/Illuminate/Container/Container.php(795): Illuminate\\Container\\Container->build(Object(Closure))
#6 /Users/Shared/dự án /hostist-vps/vendor/laravel/framework/src/Illuminate/Foundation/Application.php(963): Illuminate\\Container\\Container->resolve('encrypter', Array, true)
#7 /Users/Shared/dự án /hostist-vps/vendor/laravel/framework/src/Illuminate/Container/Container.php(731): Illuminate\\Foundation\\Application->resolve('encrypter', Array)
#8 /Users/Shared/dự án /hostist-vps/vendor/laravel/framework/src/Illuminate/Foundation/Application.php(948): Illuminate\\Container\\Container->make('encrypter', Array)
#9 /Users/Shared/dự án /hostist-vps/vendor/laravel/framework/src/Illuminate/Container/Container.php(1066): Illuminate\\Foundation\\Application->make('encrypter')
#10 /Users/Shared/dự án /hostist-vps/vendor/laravel/framework/src/Illuminate/Container/Container.php(982): Illuminate\\Container\\Container->resolveClass(Object(ReflectionParameter))
#11 /Users/Shared/dự án /hostist-vps/vendor/laravel/framework/src/Illuminate/Container/Container.php(943): Illuminate\\Container\\Container->resolveDependencies(Array)
#12 /Users/Shared/dự án /hostist-vps/vendor/laravel/framework/src/Illuminate/Container/Container.php(795): Illuminate\\Container\\Container->build('App\\\\Http\\\\Middle...')
#13 /Users/Shared/dự án /hostist-vps/vendor/laravel/framework/src/Illuminate/Foundation/Application.php(963): Illuminate\\Container\\Container->resolve('App\\\\Http\\\\Middle...', Array, true)
#14 /Users/Shared/dự án /hostist-vps/vendor/laravel/framework/src/Illuminate/Container/Container.php(731): Illuminate\\Foundation\\Application->resolve('App\\\\Http\\\\Middle...', Array)
#15 /Users/Shared/dự án /hostist-vps/vendor/laravel/framework/src/Illuminate/Foundation/Application.php(948): Illuminate\\Container\\Container->make('App\\\\Http\\\\Middle...', Array)
#16 /Users/Shared/dự án /hostist-vps/vendor/laravel/framework/src/Illuminate/Foundation/Http/Kernel.php(255): Illuminate\\Foundation\\Application->make('App\\\\Http\\\\Middle...')
#17 /Users/Shared/dự án /hostist-vps/vendor/laravel/framework/src/Illuminate/Foundation/Http/Kernel.php(213): Illuminate\\Foundation\\Http\\Kernel->terminateMiddleware(Object(Illuminate\\Http\\Request), Object(Illuminate\\Http\\Response))
#18 /Users/Shared/dự án /hostist-vps/public/index.php(55): Illuminate\\Foundation\\Http\\Kernel->terminate(Object(Illuminate\\Http\\Request), Object(Illuminate\\Http\\Response))
#19 /Users/Shared/dự án /hostist-vps/vendor/laravel/framework/src/Illuminate/Foundation/resources/server.php(16): require_once('/Users/Shared/d...')
#20 {main}
"} 
[2026-05-31 08:38:24] production.ERROR: No arguments expected for "serve" command, got "port". {"exception":"[object] (Symfony\\Component\\Console\\Exception\\RuntimeException(code: 0): No arguments expected for \"serve\" command, got \"port\". at /Users/Shared/dự án /hostist-vps/vendor/symfony/console/Input/ArgvInput.php:196)
[stacktrace]
#0 /Users/Shared/dự án /hostist-vps/vendor/symfony/console/Input/ArgvInput.php(89): Symfony\\Component\\Console\\Input\\ArgvInput->parseArgument('port')
#1 /Users/Shared/dự án /hostist-vps/vendor/symfony/console/Input/ArgvInput.php(74): Symfony\\Component\\Console\\Input\\ArgvInput->parseToken('port', false)
#2 /Users/Shared/dự án /hostist-vps/vendor/symfony/console/Input/Input.php(56): Symfony\\Component\\Console\\Input\\ArgvInput->parse()
#3 /Users/Shared/dự án /hostist-vps/vendor/symfony/console/Command/Command.php(285): Symfony\\Component\\Console\\Input\\Input->bind(Object(Symfony\\Component\\Console\\Input\\InputDefinition))
#4 /Users/Shared/dự án /hostist-vps/vendor/laravel/framework/src/Illuminate/Console/Command.php(180): Symfony\\Component\\Console\\Command\\Command->run(Object(Symfony\\Component\\Console\\Input\\ArgvInput), Object(Illuminate\\Console\\OutputStyle))
#5 /Users/Shared/dự án /hostist-vps/vendor/symfony/console/Application.php(1096): Illuminate\\Console\\Command->run(Object(Symfony\\Component\\Console\\Input\\ArgvInput), Object(Symfony\\Component\\Console\\Output\\ConsoleOutput))
#6 /Users/Shared/dự án /hostist-vps/vendor/symfony/console/Application.php(324): Symfony\\Component\\Console\\Application->doRunCommand(Object(Illuminate\\Foundation\\Console\\ServeCommand), Object(Symfony\\Component\\Console\\Input\\ArgvInput), Object(Symfony\\Component\\Console\\Output\\ConsoleOutput))
#7 /Users/Shared/dự án /hostist-vps/vendor/symfony/console/Application.php(175): Symfony\\Component\\Console\\Application->doRun(Object(Symfony\\Component\\Console\\Input\\ArgvInput), Object(Symfony\\Component\\Console\\Output\\ConsoleOutput))
#8 /Users/Shared/dự án /hostist-vps/vendor/laravel/framework/src/Illuminate/Foundation/Console/Kernel.php(201): Symfony\\Component\\Console\\Application->run(Object(Symfony\\Component\\Console\\Input\\ArgvInput), Object(Symfony\\Component\\Console\\Output\\ConsoleOutput))
#9 /Users/Shared/dự án /hostist-vps/artisan(35): Illuminate\\Foundation\\Console\\Kernel->handle(Object(Symfony\\Component\\Console\\Input\\ArgvInput), Object(Symfony\\Component\\Console\\Output\\ConsoleOutput))
#10 {main}
"} 
[2026-05-31 08:39:14] production.ERROR: No application encryption key has been specified. {"exception":"[object] (Illuminate\\Encryption\\MissingAppKeyException(code: 0): No application encryption key has been specified. at /Users/Shared/dự án /hostist-vps/vendor/laravel/framework/src/Illuminate/Encryption/EncryptionServiceProvider.php:79)
[stacktrace]
#0 /Users/Shared/dự án /hostist-vps/vendor/laravel/framework/src/Illuminate/Support/helpers.php(307): Illuminate\\Encryption\\EncryptionServiceProvider->Illuminate\\Encryption\\{closure}(NULL)
#1 /Users/Shared/dự án /hostist-vps/vendor/laravel/framework/src/Illuminate/Encryption/EncryptionServiceProvider.php(77): tap(NULL, Object(Closure))
#2 /Users/Shared/dự án /hostist-vps/vendor/laravel/framework/src/Illuminate/Encryption/EncryptionServiceProvider.php(60): Illuminate\\Encryption\\EncryptionServiceProvider->key(Array)
#3 /Users/Shared/dự án /hostist-vps/vendor/laravel/framework/src/Illuminate/Encryption/EncryptionServiceProvider.php(32): Illuminate\\Encryption\\EncryptionServiceProvider->parseKey(Array)
#4 /Users/Shared/dự án /hostist-vps/vendor/laravel/framework/src/Illuminate/Container/Container.php(908): Illuminate\\Encryption\\EncryptionServiceProvider->Illuminate\\Encryption\\{closure}(Object(Illuminate\\Foundation\\Application), Array)
#5 /Users/Shared/dự án /hostist-vps/vendor/laravel/framework/src/Illuminate/Container/Container.php(795): Illuminate\\Container\\Container->build(Object(Closure))
#6 /Users/Shared/dự án /hostist-vps/vendor/laravel/framework/src/Illuminate/Foundation/Application.php(963): Illuminate\\Container\\Container->resolve('encrypter', Array, true)
#7 /Users/Shared/dự án /hostist-vps/vendor/laravel/framework/src/Illuminate/Container/Container.php(731): Illuminate\\Foundation\\Application->resolve('encrypter', Array)
#8 /Users/Shared/dự án /hostist-vps/vendor/laravel/framework/src/Illuminate/Foundation/Application.php(948): Illuminate\\Container\\Container->make('encrypter', Array)
#9 /Users/Shared/dự án /hostist-vps/vendor/laravel/framework/src/Illuminate/Container/Container.php(1066): Illuminate\\Foundation\\Application->make('encrypter')
#10 /Users/Shared/dự án /hostist-vps/vendor/laravel/framework/src/Illuminate/Container/Container.php(982): Illuminate\\Container\\Container->resolveClass(Object(ReflectionParameter))
#11 /Users/Shared/dự án /hostist-vps/vendor/laravel/framework/src/Illuminate/Container/Container.php(943): Illuminate\\Container\\Container->resolveDependencies(Array)
#12 /Users/Shared/dự án /hostist-vps/vendor/laravel/framework/src/Illuminate/Container/Container.php(795): Illuminate\\Container\\Container->build('App\\\\Http\\\\Middle...')
#13 /Users/Shared/dự án /hostist-vps/vendor/laravel/framework/src/Illuminate/Foundation/Application.php(963): Illuminate\\Container\\Container->resolve('App\\\\Http\\\\Middle...', Array, true)
#14 /Users/Shared/dự án /hostist-vps/vendor/laravel/framework/src/Illuminate/Container/Container.php(731): Illuminate\\Foundation\\Application->resolve('App\\\\Http\\\\Middle...', Array)
#15 /Users/Shared/dự án /hostist-vps/vendor/laravel/framework/src/Illuminate/Foundation/Application.php(948): Illuminate\\Container\\Container->make('App\\\\Http\\\\Middle...', Array)
#16 /Users/Shared/dự án /hostist-vps/vendor/laravel/framework/src/Illuminate/Pipeline/Pipeline.php(172): Illuminate\\Foundation\\Application->make('App\\\\Http\\\\Middle...')
#17 /Users/Shared/dự án /hostist-vps/vendor/laravel/framework/src/Illuminate/Pipeline/Pipeline.php(119): Illuminate\\Pipeline\\Pipeline->Illuminate\\Pipeline\\{closure}(Object(Illuminate\\Http\\Request))
#18 /Users/Shared/dự án /hostist-vps/vendor/laravel/framework/src/Illuminate/Routing/Router.php(805): Illuminate\\Pipeline\\Pipeline->then(Object(Closure))
#19 /Users/Shared/dự án /hostist-vps/vendor/laravel/framework/src/Illuminate/Routing/Router.php(784): Illuminate\\Routing\\Router->runRouteWithinStack(Object(Illuminate\\Routing\\Route), Object(Illuminate\\Http\\Request))
#20 /Users/Shared/dự án /hostist-vps/vendor/laravel/framework/src/Illuminate/Routing/Router.php(748): Illuminate\\Routing\\Router->runRoute(Object(Illuminate\\Http\\Request), Object(Illuminate\\Routing\\Route))
#21 /Users/Shared/dự án /hostist-vps/vendor/laravel/framework/src/Illuminate/Routing/Router.php(737): Illuminate\\Routing\\Router->dispatchToRoute(Object(Illuminate\\Http\\Request))
#22 /Users/Shared/dự án /hostist-vps/vendor/laravel/framework/src/Illuminate/Foundation/Http/Kernel.php(200): Illuminate\\Routing\\Router->dispatch(Object(Illuminate\\Http\\Request))
#23 /Users/Shared/dự án /hostist-vps/vendor/laravel/framework/src/Illuminate/Pipeline/Pipeline.php(144): Illuminate\\Foundation\\Http\\Kernel->Illuminate\\Foundation\\Http\\{closure}(Object(Illuminate\\Http\\Request))
#24 /Users/Shared/dự án /hostist-vps/vendor/laravel/framework/src/Illuminate/Foundation/Http/Middleware/TransformsRequest.php(21): Illuminate\\Pipeline\\Pipeline->Illuminate\\Pipeline\\{closure}(Object(Illuminate\\Http\\Request))
#25 /Users/Shared/dự án /hostist-vps/vendor/laravel/framework/src/Illuminate/Foundation/Http/Middleware/ConvertEmptyStringsToNull.php(31): Illuminate\\Foundation\\Http\\Middleware\\TransformsRequest->handle(Object(Illuminate\\Http\\Request), Object(Closure))
#26 /Users/Shared/dự án /hostist-vps/vendor/laravel/framework/src/Illuminate/Pipeline/Pipeline.php(183): Illuminate\\Foundation\\Http\\Middleware\\ConvertEmptyStringsToNull->handle(Object(Illuminate\\Http\\Request), Object(Closure))
#27 /Users/Shared/dự án /hostist-vps/vendor/laravel/framework/src/Illuminate/Foundation/Http/Middleware/TransformsRequest.php(21): Illuminate\\Pipeline\\Pipeline->Illuminate\\Pipeline\\{closure}(Object(Illuminate\\Http\\Request))
#28 /Users/Shared/dự án /hostist-vps/vendor/laravel/framework/src/Illuminate/Foundation/Http/Middleware/TrimStrings.php(40): Illuminate\\Foundation\\Http\\Middleware\\TransformsRequest->handle(Object(Illuminate\\Http\\Request), Object(Closure))
#29 /Users/Shared/dự án /hostist-vps/vendor/laravel/framework/src/Illuminate/Pipeline/Pipeline.php(183): Illuminate\\Foundation\\Http\\Middleware\\TrimStrings->handle(Object(Illuminate\\Http\\Request), Object(Closure))
#30 /Users/Shared/dự án /hostist-vps/vendor/laravel/framework/src/Illuminate/Foundation/Http/Middleware/ValidatePostSize.php(27): Illuminate\\Pipeline\\Pipeline->Illuminate\\Pipeline\\{closure}(Object(Illuminate\\Http\\Request))
#31 /Users/Shared/dự án /hostist-vps/vendor/laravel/framework/src/Illuminate/Pipeline/Pipeline.php(183): Illuminate\\Foundation\\Http\\Middleware\\ValidatePostSize->handle(Object(Illuminate\\Http\\Request), Object(Closure))
#32 /Users/Shared/dự án /hostist-vps/vendor/laravel/framework/src/Illuminate/Foundation/Http/Middleware/PreventRequestsDuringMaintenance.php(99): Illuminate\\Pipeline\\Pipeline->Illuminate\\Pipeline\\{closure}(Object(Illuminate\\Http\\Request))
#33 /Users/Shared/dự án /hostist-vps/vendor/laravel/framework/src/Illuminate/Pipeline/Pipeline.php(183): Illuminate\\Foundation\\Http\\Middleware\\PreventRequestsDuringMaintenance->handle(Object(Illuminate\\Http\\Request), Object(Closure))
#34 /Users/Shared/dự án /hostist-vps/vendor/laravel/framework/src/Illuminate/Http/Middleware/HandleCors.php(49): Illuminate\\Pipeline\\Pipeline->Illuminate\\Pipeline\\{closure}(Object(Illuminate\\Http\\Request))
#35 /Users/Shared/dự án /hostist-vps/vendor/laravel/framework/src/Illuminate/Pipeline/Pipeline.php(183): Illuminate\\Http\\Middleware\\HandleCors->handle(Object(Illuminate\\Http\\Request), Object(Closure))
#36 /Users/Shared/dự án /hostist-vps/vendor/laravel/framework/src/Illuminate/Http/Middleware/TrustProxies.php(39): Illuminate\\Pipeline\\Pipeline->Illuminate\\Pipeline\\{closure}(Object(Illuminate\\Http\\Request))
#37 /Users/Shared/dự án /hostist-vps/vendor/laravel/framework/src/Illuminate/Pipeline/Pipeline.php(183): Illuminate\\Http\\Middleware\\TrustProxies->handle(Object(Illuminate\\Http\\Request), Object(Closure))
#38 /Users/Shared/dự án /hostist-vps/vendor/laravel/framework/src/Illuminate/Pipeline/Pipeline.php(119): Illuminate\\Pipeline\\Pipeline->Illuminate\\Pipeline\\{closure}(Object(Illuminate\\Http\\Request))
#39 /Users/Shared/dự án /hostist-vps/vendor/laravel/framework/src/Illuminate/Foundation/Http/Kernel.php(175): Illuminate\\Pipeline\\Pipeline->then(Object(Closure))
#40 /Users/Shared/dự án /hostist-vps/vendor/laravel/framework/src/Illuminate/Foundation/Http/Kernel.php(144): Illuminate\\Foundation\\Http\\Kernel->sendRequestThroughRouter(Object(Illuminate\\Http\\Request))
#41 /Users/Shared/dự án /hostist-vps/public/index.php(51): Illuminate\\Foundation\\Http\\Kernel->handle(Object(Illuminate\\Http\\Request))
#42 /Users/Shared/dự án /hostist-vps/vendor/laravel/framework/src/Illuminate/Foundation/resources/server.php(16): require_once('/Users/Shared/d...')
#43 {main}
"} 
[2026-05-31 08:39:14] production.ERROR: No application encryption key has been specified. {"exception":"[object] (Illuminate\\Encryption\\MissingAppKeyException(code: 0): No application encryption key has been specified. at /Users/Shared/dự án /hostist-vps/vendor/laravel/framework/src/Illuminate/Encryption/EncryptionServiceProvider.php:79)
[stacktrace]
#0 /Users/Shared/dự án /hostist-vps/vendor/laravel/framework/src/Illuminate/Support/helpers.php(307): Illuminate\\Encryption\\EncryptionServiceProvider->Illuminate\\Encryption\\{closure}(NULL)
#1 /Users/Shared/dự án /hostist-vps/vendor/laravel/framework/src/Illuminate/Encryption/EncryptionServiceProvider.php(77): tap(NULL, Object(Closure))
#2 /Users/Shared/dự án /hostist-vps/vendor/laravel/framework/src/Illuminate/Encryption/EncryptionServiceProvider.php(60): Illuminate\\Encryption\\EncryptionServiceProvider->key(Array)
#3 /Users/Shared/dự án /hostist-vps/vendor/laravel/framework/src/Illuminate/Encryption/EncryptionServiceProvider.php(32): Illuminate\\Encryption\\EncryptionServiceProvider->parseKey(Array)
#4 /Users/Shared/dự án /hostist-vps/vendor/laravel/framework/src/Illuminate/Container/Container.php(908): Illuminate\\Encryption\\EncryptionServiceProvider->Illuminate\\Encryption\\{closure}(Object(Illuminate\\Foundation\\Application), Array)
#5 /Users/Shared/dự án /hostist-vps/vendor/laravel/framework/src/Illuminate/Container/Container.php(795): Illuminate\\Container\\Container->build(Object(Closure))
#6 /Users/Shared/dự án /hostist-vps/vendor/laravel/framework/src/Illuminate/Foundation/Application.php(963): Illuminate\\Container\\Container->resolve('encrypter', Array, true)
#7 /Users/Shared/dự án /hostist-vps/vendor/laravel/framework/src/Illuminate/Container/Container.php(731): Illuminate\\Foundation\\Application->resolve('encrypter', Array)
#8 /Users/Shared/dự án /hostist-vps/vendor/laravel/framework/src/Illuminate/Foundation/Application.php(948): Illuminate\\Container\\Container->make('encrypter', Array)
#9 /Users/Shared/dự án /hostist-vps/vendor/laravel/framework/src/Illuminate/Container/Container.php(1066): Illuminate\\Foundation\\Application->make('encrypter')
#10 /Users/Shared/dự án /hostist-vps/vendor/laravel/framework/src/Illuminate/Container/Container.php(982): Illuminate\\Container\\Container->resolveClass(Object(ReflectionParameter))
#11 /Users/Shared/dự án /hostist-vps/vendor/laravel/framework/src/Illuminate/Container/Container.php(943): Illuminate\\Container\\Container->resolveDependencies(Array)
#12 /Users/Shared/dự án /hostist-vps/vendor/laravel/framework/src/Illuminate/Container/Container.php(795): Illuminate\\Container\\Container->build('App\\\\Http\\\\Middle...')
#13 /Users/Shared/dự án /hostist-vps/vendor/laravel/framework/src/Illuminate/Foundation/Application.php(963): Illuminate\\Container\\Container->resolve('App\\\\Http\\\\Middle...', Array, true)
#14 /Users/Shared/dự án /hostist-vps/vendor/laravel/framework/src/Illuminate/Container/Container.php(731): Illuminate\\Foundation\\Application->resolve('App\\\\Http\\\\Middle...', Array)
#15 /Users/Shared/dự án /hostist-vps/vendor/laravel/framework/src/Illuminate/Foundation/Application.php(948): Illuminate\\Container\\Container->make('App\\\\Http\\\\Middle...', Array)
#16 /Users/Shared/dự án /hostist-vps/vendor/laravel/framework/src/Illuminate/Foundation/Http/Kernel.php(255): Illuminate\\Foundation\\Application->make('App\\\\Http\\\\Middle...')
#17 /Users/Shared/dự án /hostist-vps/vendor/laravel/framework/src/Illuminate/Foundation/Http/Kernel.php(213): Illuminate\\Foundation\\Http\\Kernel->terminateMiddleware(Object(Illuminate\\Http\\Request), Object(Illuminate\\Http\\Response))
#18 /Users/Shared/dự án /hostist-vps/public/index.php(55): Illuminate\\Foundation\\Http\\Kernel->terminate(Object(Illuminate\\Http\\Request), Object(Illuminate\\Http\\Response))
#19 /Users/Shared/dự án /hostist-vps/vendor/laravel/framework/src/Illuminate/Foundation/resources/server.php(16): require_once('/Users/Shared/d...')
#20 {main}
"} 
[2026-05-31 08:42:00] local.ERROR: No application encryption key has been specified. {"exception":"[object] (Illuminate\\Encryption\\MissingAppKeyException(code: 0): No application encryption key has been specified. at /Users/Shared/dự án /hostist-vps/vendor/laravel/framework/src/Illuminate/Encryption/EncryptionServiceProvider.php:79)
[stacktrace]
#0 /Users/Shared/dự án /hostist-vps/vendor/laravel/framework/src/Illuminate/Support/helpers.php(307): Illuminate\\Encryption\\EncryptionServiceProvider->Illuminate\\Encryption\\{closure}('')
#1 /Users/Shared/dự án /hostist-vps/vendor/laravel/framework/src/Illuminate/Encryption/EncryptionServiceProvider.php(77): tap('', Object(Closure))
#2 /Users/Shared/dự án /hostist-vps/vendor/laravel/framework/src/Illuminate/Encryption/EncryptionServiceProvider.php(60): Illuminate\\Encryption\\EncryptionServiceProvider->key(Array)
#3 /Users/Shared/dự án /hostist-vps/vendor/laravel/framework/src/Illuminate/Encryption/EncryptionServiceProvider.php(32): Illuminate\\Encryption\\EncryptionServiceProvider->parseKey(Array)
#4 /Users/Shared/dự án /hostist-vps/vendor/laravel/framework/src/Illuminate/Container/Container.php(908): Illuminate\\Encryption\\EncryptionServiceProvider->Illuminate\\Encryption\\{closure}(Object(Illuminate\\Foundation\\Application), Array)
#5 /Users/Shared/dự án /hostist-vps/vendor/laravel/framework/src/Illuminate/Container/Container.php(795): Illuminate\\Container\\Container->build(Object(Closure))
#6 /Users/Shared/dự án /hostist-vps/vendor/laravel/framework/src/Illuminate/Foundation/Application.php(963): Illuminate\\Container\\Container->resolve('encrypter', Array, true)
#7 /Users/Shared/dự án /hostist-vps/vendor/laravel/framework/src/Illuminate/Container/Container.php(731): Illuminate\\Foundation\\Application->resolve('encrypter', Array)
#8 /Users/Shared/dự án /hostist-vps/vendor/laravel/framework/src/Illuminate/Foundation/Application.php(948): Illuminate\\Container\\Container->make('encrypter', Array)
#9 /Users/Shared/dự án /hostist-vps/vendor/laravel/framework/src/Illuminate/Container/Container.php(1066): Illuminate\\Foundation\\Application->make('encrypter')
#10 /Users/Shared/dự án /hostist-vps/vendor/laravel/framework/src/Illuminate/Container/Container.php(982): Illuminate\\Container\\Container->resolveClass(Object(ReflectionParameter))
#11 /Users/Shared/dự án /hostist-vps/vendor/laravel/framework/src/Illuminate/Container/Container.php(943): Illuminate\\Container\\Container->resolveDependencies(Array)
#12 /Users/Shared/dự án /hostist-vps/vendor/laravel/framework/src/Illuminate/Container/Container.php(795): Illuminate\\Container\\Container->build('App\\\\Http\\\\Middle...')
#13 /Users/Shared/dự án /hostist-vps/vendor/laravel/framework/src/Illuminate/Foundation/Application.php(963): Illuminate\\Container\\Container->resolve('App\\\\Http\\\\Middle...', Array, true)
#14 /Users/Shared/dự án /hostist-vps/vendor/laravel/framework/src/Illuminate/Container/Container.php(731): Illuminate\\Foundation\\Application->resolve('App\\\\Http\\\\Middle...', Array)
#15 /Users/Shared/dự án /hostist-vps/vendor/laravel/framework/src/Illuminate/Foundation/Application.php(948): Illuminate\\Container\\Container->make('App\\\\Http\\\\Middle...', Array)
#16 /Users/Shared/dự án /hostist-vps/vendor/laravel/framework/src/Illuminate/Pipeline/Pipeline.php(172): Illuminate\\Foundation\\Application->make('App\\\\Http\\\\Middle...')
#17 /Users/Shared/dự án /hostist-vps/vendor/laravel/framework/src/Illuminate/Pipeline/Pipeline.php(119): Illuminate\\Pipeline\\Pipeline->Illuminate\\Pipeline\\{closure}(Object(Illuminate\\Http\\Request))
#18 /Users/Shared/dự án /hostist-vps/vendor/laravel/framework/src/Illuminate/Routing/Router.php(805): Illuminate\\Pipeline\\Pipeline->then(Object(Closure))
#19 /Users/Shared/dự án /hostist-vps/vendor/laravel/framework/src/Illuminate/Routing/Router.php(784): Illuminate\\Routing\\Router->runRouteWithinStack(Object(Illuminate\\Routing\\Route), Object(Illuminate\\Http\\Request))
#20 /Users/Shared/dự án /hostist-vps/vendor/laravel/framework/src/Illuminate/Routing/Router.php(748): Illuminate\\Routing\\Router->runRoute(Object(Illuminate\\Http\\Request), Object(Illuminate\\Routing\\Route))
#21 /Users/Shared/dự án /hostist-vps/vendor/laravel/framework/src/Illuminate/Routing/Router.php(737): Illuminate\\Routing\\Router->dispatchToRoute(Object(Illuminate\\Http\\Request))
#22 /Users/Shared/dự án /hostist-vps/vendor/laravel/framework/src/Illuminate/Foundation/Http/Kernel.php(200): Illuminate\\Routing\\Router->dispatch(Object(Illuminate\\Http\\Request))
#23 /Users/Shared/dự án /hostist-vps/vendor/laravel/framework/src/Illuminate/Pipeline/Pipeline.php(144): Illuminate\\Foundation\\Http\\Kernel->Illuminate\\Foundation\\Http\\{closure}(Object(Illuminate\\Http\\Request))
#24 /Users/Shared/dự án /hostist-vps/vendor/laravel/framework/src/Illuminate/Foundation/Http/Middleware/TransformsRequest.php(21): Illuminate\\Pipeline\\Pipeline->Illuminate\\Pipeline\\{closure}(Object(Illuminate\\Http\\Request))
#25 /Users/Shared/dự án /hostist-vps/vendor/laravel/framework/src/Illuminate/Foundation/Http/Middleware/ConvertEmptyStringsToNull.php(31): Illuminate\\Foundation\\Http\\Middleware\\TransformsRequest->handle(Object(Illuminate\\Http\\Request), Object(Closure))
#26 /Users/Shared/dự án /hostist-vps/vendor/laravel/framework/src/Illuminate/Pipeline/Pipeline.php(183): Illuminate\\Foundation\\Http\\Middleware\\ConvertEmptyStringsToNull->handle(Object(Illuminate\\Http\\Request), Object(Closure))
#27 /Users/Shared/dự án /hostist-vps/vendor/laravel/framework/src/Illuminate/Foundation/Http/Middleware/TransformsRequest.php(21): Illuminate\\Pipeline\\Pipeline->Illuminate\\Pipeline\\{closure}(Object(Illuminate\\Http\\Request))
#28 /Users/Shared/dự án /hostist-vps/vendor/laravel/framework/src/Illuminate/Foundation/Http/Middleware/TrimStrings.php(40): Illuminate\\Foundation\\Http\\Middleware\\TransformsRequest->handle(Object(Illuminate\\Http\\Request), Object(Closure))
#29 /Users/Shared/dự án /hostist-vps/vendor/laravel/framework/src/Illuminate/Pipeline/Pipeline.php(183): Illuminate\\Foundation\\Http\\Middleware\\TrimStrings->handle(Object(Illuminate\\Http\\Request), Object(Closure))
#30 /Users/Shared/dự án /hostist-vps/vendor/laravel/framework/src/Illuminate/Foundation/Http/Middleware/ValidatePostSize.php(27): Illuminate\\Pipeline\\Pipeline->Illuminate\\Pipeline\\{closure}(Object(Illuminate\\Http\\Request))
#31 /Users/Shared/dự án /hostist-vps/vendor/laravel/framework/src/Illuminate/Pipeline/Pipeline.php(183): Illuminate\\Foundation\\Http\\Middleware\\ValidatePostSize->handle(Object(Illuminate\\Http\\Request), Object(Closure))
#32 /Users/Shared/dự án /hostist-vps/vendor/laravel/framework/src/Illuminate/Foundation/Http/Middleware/PreventRequestsDuringMaintenance.php(99): Illuminate\\Pipeline\\Pipeline->Illuminate\\Pipeline\\{closure}(Object(Illuminate\\Http\\Request))
#33 /Users/Shared/dự án /hostist-vps/vendor/laravel/framework/src/Illuminate/Pipeline/Pipeline.php(183): Illuminate\\Foundation\\Http\\Middleware\\PreventRequestsDuringMaintenance->handle(Object(Illuminate\\Http\\Request), Object(Closure))
#34 /Users/Shared/dự án /hostist-vps/vendor/laravel/framework/src/Illuminate/Http/Middleware/HandleCors.php(49): Illuminate\\Pipeline\\Pipeline->Illuminate\\Pipeline\\{closure}(Object(Illuminate\\Http\\Request))
#35 /Users/Shared/dự án /hostist-vps/vendor/laravel/framework/src/Illuminate/Pipeline/Pipeline.php(183): Illuminate\\Http\\Middleware\\HandleCors->handle(Object(Illuminate\\Http\\Request), Object(Closure))
#36 /Users/Shared/dự án /hostist-vps/vendor/laravel/framework/src/Illuminate/Http/Middleware/TrustProxies.php(39): Illuminate\\Pipeline\\Pipeline->Illuminate\\Pipeline\\{closure}(Object(Illuminate\\Http\\Request))
#37 /Users/Shared/dự án /hostist-vps/vendor/laravel/framework/src/Illuminate/Pipeline/Pipeline.php(183): Illuminate\\Http\\Middleware\\TrustProxies->handle(Object(Illuminate\\Http\\Request), Object(Closure))
#38 /Users/Shared/dự án /hostist-vps/vendor/laravel/framework/src/Illuminate/Pipeline/Pipeline.php(119): Illuminate\\Pipeline\\Pipeline->Illuminate\\Pipeline\\{closure}(Object(Illuminate\\Http\\Request))
#39 /Users/Shared/dự án /hostist-vps/vendor/laravel/framework/src/Illuminate/Foundation/Http/Kernel.php(175): Illuminate\\Pipeline\\Pipeline->then(Object(Closure))
#40 /Users/Shared/dự án /hostist-vps/vendor/laravel/framework/src/Illuminate/Foundation/Http/Kernel.php(144): Illuminate\\Foundation\\Http\\Kernel->sendRequestThroughRouter(Object(Illuminate\\Http\\Request))
#41 /Users/Shared/dự án /hostist-vps/public/index.php(51): Illuminate\\Foundation\\Http\\Kernel->handle(Object(Illuminate\\Http\\Request))
#42 /Users/Shared/dự án /hostist-vps/vendor/laravel/framework/src/Illuminate/Foundation/resources/server.php(16): require_once('/Users/Shared/d...')
#43 {main}
"} 
[2026-05-31 08:42:00] local.ERROR: No application encryption key has been specified. {"exception":"[object] (Illuminate\\Encryption\\MissingAppKeyException(code: 0): No application encryption key has been specified. at /Users/Shared/dự án /hostist-vps/vendor/laravel/framework/src/Illuminate/Encryption/EncryptionServiceProvider.php:79)
[stacktrace]
#0 /Users/Shared/dự án /hostist-vps/vendor/laravel/framework/src/Illuminate/Support/helpers.php(307): Illuminate\\Encryption\\EncryptionServiceProvider->Illuminate\\Encryption\\{closure}('')
#1 /Users/Shared/dự án /hostist-vps/vendor/laravel/framework/src/Illuminate/Encryption/EncryptionServiceProvider.php(77): tap('', Object(Closure))
#2 /Users/Shared/dự án /hostist-vps/vendor/laravel/framework/src/Illuminate/Encryption/EncryptionServiceProvider.php(60): Illuminate\\Encryption\\EncryptionServiceProvider->key(Array)
#3 /Users/Shared/dự án /hostist-vps/vendor/laravel/framework/src/Illuminate/Encryption/EncryptionServiceProvider.php(32): Illuminate\\Encryption\\EncryptionServiceProvider->parseKey(Array)
#4 /Users/Shared/dự án /hostist-vps/vendor/laravel/framework/src/Illuminate/Container/Container.php(908): Illuminate\\Encryption\\EncryptionServiceProvider->Illuminate\\Encryption\\{closure}(Object(Illuminate\\Foundation\\Application), Array)
#5 /Users/Shared/dự án /hostist-vps/vendor/laravel/framework/src/Illuminate/Container/Container.php(795): Illuminate\\Container\\Container->build(Object(Closure))
#6 /Users/Shared/dự án /hostist-vps/vendor/laravel/framework/src/Illuminate/Foundation/Application.php(963): Illuminate\\Container\\Container->resolve('encrypter', Array, true)
#7 /Users/Shared/dự án /hostist-vps/vendor/laravel/framework/src/Illuminate/Container/Container.php(731): Illuminate\\Foundation\\Application->resolve('encrypter', Array)
#8 /Users/Shared/dự án /hostist-vps/vendor/laravel/framework/src/Illuminate/Foundation/Application.php(948): Illuminate\\Container\\Container->make('encrypter', Array)
#9 /Users/Shared/dự án /hostist-vps/vendor/laravel/framework/src/Illuminate/Container/Container.php(1066): Illuminate\\Foundation\\Application->make('encrypter')
#10 /Users/Shared/dự án /hostist-vps/vendor/laravel/framework/src/Illuminate/Container/Container.php(982): Illuminate\\Container\\Container->resolveClass(Object(ReflectionParameter))
#11 /Users/Shared/dự án /hostist-vps/vendor/laravel/framework/src/Illuminate/Container/Container.php(943): Illuminate\\Container\\Container->resolveDependencies(Array)
#12 /Users/Shared/dự án /hostist-vps/vendor/laravel/framework/src/Illuminate/Container/Container.php(795): Illuminate\\Container\\Container->build('App\\\\Http\\\\Middle...')
#13 /Users/Shared/dự án /hostist-vps/vendor/laravel/framework/src/Illuminate/Foundation/Application.php(963): Illuminate\\Container\\Container->resolve('App\\\\Http\\\\Middle...', Array, true)
#14 /Users/Shared/dự án /hostist-vps/vendor/laravel/framework/src/Illuminate/Container/Container.php(731): Illuminate\\Foundation\\Application->resolve('App\\\\Http\\\\Middle...', Array)
#15 /Users/Shared/dự án /hostist-vps/vendor/laravel/framework/src/Illuminate/Foundation/Application.php(948): Illuminate\\Container\\Container->make('App\\\\Http\\\\Middle...', Array)
#16 /Users/Shared/dự án /hostist-vps/vendor/laravel/framework/src/Illuminate/Foundation/Http/Kernel.php(255): Illuminate\\Foundation\\Application->make('App\\\\Http\\\\Middle...')
#17 /Users/Shared/dự án /hostist-vps/vendor/laravel/framework/src/Illuminate/Foundation/Http/Kernel.php(213): Illuminate\\Foundation\\Http\\Kernel->terminateMiddleware(Object(Illuminate\\Http\\Request), Object(Illuminate\\Http\\Response))
#18 /Users/Shared/dự án /hostist-vps/public/index.php(55): Illuminate\\Foundation\\Http\\Kernel->terminate(Object(Illuminate\\Http\\Request), Object(Illuminate\\Http\\Response))
#19 /Users/Shared/dự án /hostist-vps/vendor/laravel/framework/src/Illuminate/Foundation/resources/server.php(16): require_once('/Users/Shared/d...')
#20 {main}
"} 
[2026-06-01 09:27:45] testing.INFO: [email_approved_6a1d50914863f] Starting payment approved email {"payment_id":1,"payment_number":"PAY-TXN-DUP-001"} 
[2026-06-01 09:27:45] testing.ERROR: [email_approved_6a1d50914863f] Payment approved email failed {"payment_id":1,"error":"SQLSTATE[HY000]: General error: 1 no such table: users (Connection: sqlite, SQL: select * from \"users\" where \"users\".\"id\" = 1 and \"users\".\"deleted_at\" is null limit 1)","file":"/Users/Shared/dự án /hostist-vps/vendor/laravel/framework/src/Illuminate/Database/Connection.php","line":829} 
[2026-06-01 09:27:45] testing.INFO: App\Services\PaymentService - Payment confirmed from gateway {"payment_id":1,"provider":"vnpay","provisions":1} 
[2026-06-01 09:27:45] testing.INFO: [email_approved_6a1d5091507af] Starting payment approved email {"payment_id":1,"payment_number":"PAY-TXN-OK-002"} 
[2026-06-01 09:27:45] testing.ERROR: [email_approved_6a1d5091507af] Payment approved email failed {"payment_id":1,"error":"SQLSTATE[HY000]: General error: 1 no such table: users (Connection: sqlite, SQL: select * from \"users\" where \"users\".\"id\" = 1 and \"users\".\"deleted_at\" is null limit 1)","file":"/Users/Shared/dự án /hostist-vps/vendor/laravel/framework/src/Illuminate/Database/Connection.php","line":829} 
[2026-06-01 09:27:45] testing.INFO: App\Services\PaymentService - Payment confirmed from gateway {"payment_id":1,"provider":"momo","provisions":1} 
[2026-06-01 09:27:45] testing.ERROR: confirmPaymentFromGateway: không tìm thấy payment {"transaction_id":"TXN-MISSING","provider":"zalopay"} 
[2026-06-01 09:28:17] testing.INFO: [email_approved_6a1d50b12b3d9] Starting payment approved email {"payment_id":1,"payment_number":"PAY-TXN-DUP-001"} 
[2026-06-01 09:28:17] testing.ERROR: [email_approved_6a1d50b12b3d9] Payment approved email failed {"payment_id":1,"error":"SQLSTATE[HY000]: General error: 1 no such table: users (Connection: sqlite, SQL: select * from \"users\" where \"users\".\"id\" = 1 and \"users\".\"deleted_at\" is null limit 1)","file":"/Users/Shared/dự án /hostist-vps/vendor/laravel/framework/src/Illuminate/Database/Connection.php","line":829} 
[2026-06-01 09:28:17] testing.INFO: App\Services\PaymentService - Payment confirmed from gateway {"payment_id":1,"provider":"vnpay","provisions":1} 
[2026-06-01 09:28:17] testing.INFO: [email_approved_6a1d50b13514e] Starting payment approved email {"payment_id":1,"payment_number":"PAY-TXN-OK-002"} 
[2026-06-01 09:28:17] testing.ERROR: [email_approved_6a1d50b13514e] Payment approved email failed {"payment_id":1,"error":"SQLSTATE[HY000]: General error: 1 no such table: users (Connection: sqlite, SQL: select * from \"users\" where \"users\".\"id\" = 1 and \"users\".\"deleted_at\" is null limit 1)","file":"/Users/Shared/dự án /hostist-vps/vendor/laravel/framework/src/Illuminate/Database/Connection.php","line":829} 
[2026-06-01 09:28:17] testing.INFO: App\Services\PaymentService - Payment confirmed from gateway {"payment_id":1,"provider":"momo","provisions":1} 
[2026-06-01 09:28:17] testing.ERROR: confirmPaymentFromGateway: không tìm thấy payment {"transaction_id":"TXN-MISSING","provider":"zalopay"} 
[2026-06-01 09:28:31] testing.INFO: [email_approved_6a1d50bf06fe0] Starting payment approved email {"payment_id":1,"payment_number":"PAY-TXN-DUP-001"} 
[2026-06-01 09:28:31] testing.ERROR: [email_approved_6a1d50bf06fe0] Payment approved email failed {"payment_id":1,"error":"SQLSTATE[HY000]: General error: 1 no such table: users (Connection: sqlite, SQL: select * from \"users\" where \"users\".\"id\" = 1 and \"users\".\"deleted_at\" is null limit 1)","file":"/Users/Shared/dự án /hostist-vps/vendor/laravel/framework/src/Illuminate/Database/Connection.php","line":829} 
[2026-06-01 09:28:31] testing.INFO: App\Services\PaymentService - Payment confirmed from gateway {"payment_id":1,"provider":"vnpay","provisions":1} 
[2026-06-01 09:28:31] testing.INFO: [email_approved_6a1d50bf10211] Starting payment approved email {"payment_id":1,"payment_number":"PAY-TXN-OK-002"} 
[2026-06-01 09:28:31] testing.ERROR: [email_approved_6a1d50bf10211] Payment approved email failed {"payment_id":1,"error":"SQLSTATE[HY000]: General error: 1 no such table: users (Connection: sqlite, SQL: select * from \"users\" where \"users\".\"id\" = 1 and \"users\".\"deleted_at\" is null limit 1)","file":"/Users/Shared/dự án /hostist-vps/vendor/laravel/framework/src/Illuminate/Database/Connection.php","line":829} 
[2026-06-01 09:28:31] testing.INFO: App\Services\PaymentService - Payment confirmed from gateway {"payment_id":1,"provider":"momo","provisions":1} 
[2026-06-01 09:28:31] testing.ERROR: confirmPaymentFromGateway: không tìm thấy payment {"transaction_id":"TXN-MISSING","provider":"zalopay"} 
[2026-06-01 09:30:37] testing.INFO: [email_approved_6a1d513d3ab3f] Starting payment approved email {"payment_id":1,"payment_number":"PAY-TXN-DUP-001"} 
[2026-06-01 09:30:37] testing.ERROR: [email_approved_6a1d513d3ab3f] Payment approved email failed {"payment_id":1,"error":"SQLSTATE[HY000]: General error: 1 no such table: users (Connection: sqlite, SQL: select * from \"users\" where \"users\".\"id\" = 1 and \"users\".\"deleted_at\" is null limit 1)","file":"/Users/Shared/dự án /hostist-vps/vendor/laravel/framework/src/Illuminate/Database/Connection.php","line":829} 
[2026-06-01 09:30:37] testing.INFO: App\Services\PaymentService - Payment confirmed from gateway {"payment_id":1,"provider":"vnpay","provisions":1} 
[2026-06-01 09:30:37] testing.INFO: [email_approved_6a1d513d4541f] Starting payment approved email {"payment_id":1,"payment_number":"PAY-TXN-OK-002"} 
[2026-06-01 09:30:37] testing.ERROR: [email_approved_6a1d513d4541f] Payment approved email failed {"payment_id":1,"error":"SQLSTATE[HY000]: General error: 1 no such table: users (Connection: sqlite, SQL: select * from \"users\" where \"users\".\"id\" = 1 and \"users\".\"deleted_at\" is null limit 1)","file":"/Users/Shared/dự án /hostist-vps/vendor/laravel/framework/src/Illuminate/Database/Connection.php","line":829} 
[2026-06-01 09:30:37] testing.INFO: App\Services\PaymentService - Payment confirmed from gateway {"payment_id":1,"provider":"momo","provisions":1} 
[2026-06-01 09:30:37] testing.ERROR: confirmPaymentFromGateway: không tìm thấy payment {"transaction_id":"TXN-MISSING","provider":"zalopay"} 
[2026-06-01 09:33:18] testing.INFO: [email_approved_6a1d51deb09ba] Starting payment approved email {"payment_id":1,"payment_number":"PAY-TXN-DUP-001"} 
[2026-06-01 09:33:18] testing.ERROR: [email_approved_6a1d51deb09ba] Payment approved email failed {"payment_id":1,"error":"SQLSTATE[HY000]: General error: 1 no such table: users (Connection: sqlite, SQL: select * from \"users\" where \"users\".\"id\" = 1 and \"users\".\"deleted_at\" is null limit 1)","file":"/Users/Shared/dự án /hostist-vps/vendor/laravel/framework/src/Illuminate/Database/Connection.php","line":829} 
[2026-06-01 09:33:18] testing.INFO: App\Services\PaymentService - Payment confirmed from gateway {"payment_id":1,"provider":"vnpay","provisions":1} 
[2026-06-01 09:33:18] testing.INFO: [email_approved_6a1d51deb9a47] Starting payment approved email {"payment_id":1,"payment_number":"PAY-TXN-OK-002"} 
[2026-06-01 09:33:18] testing.ERROR: [email_approved_6a1d51deb9a47] Payment approved email failed {"payment_id":1,"error":"SQLSTATE[HY000]: General error: 1 no such table: users (Connection: sqlite, SQL: select * from \"users\" where \"users\".\"id\" = 1 and \"users\".\"deleted_at\" is null limit 1)","file":"/Users/Shared/dự án /hostist-vps/vendor/laravel/framework/src/Illuminate/Database/Connection.php","line":829} 
[2026-06-01 09:33:18] testing.INFO: App\Services\PaymentService - Payment confirmed from gateway {"payment_id":1,"provider":"momo","provisions":1} 
[2026-06-01 09:33:18] testing.ERROR: confirmPaymentFromGateway: không tìm thấy payment {"transaction_id":"TXN-MISSING","provider":"zalopay"} 
[2026-06-02 08:20:34] testing.INFO: App\Services\DomainCatalogService - Domain imported {"domain_id":1,"domain_name":"example.com","profit":"70000.00"} 
[2026-06-02 08:20:34] testing.INFO: App\Services\DomainCatalogService - Domain imported {"domain_id":1,"domain_name":"auto.com","profit":"70000.00"} 
[2026-06-02 08:20:34] testing.INFO: App\Services\DomainCatalogService - Domain imported {"domain_id":1,"domain_name":"secure.com","profit":"70000.00"} 
[2026-06-02 08:48:13] testing.INFO: App\Services\DomainCatalogService - Domain imported {"domain_id":1,"domain_name":"example.com","profit":"70000.00"} 
[2026-06-02 08:48:14] testing.INFO: App\Services\DomainCatalogService - Domain imported {"domain_id":1,"domain_name":"auto.com","profit":"70000.00"} 
[2026-06-02 08:48:14] testing.INFO: App\Services\DomainCatalogService - Domain imported {"domain_id":1,"domain_name":"secure.com","profit":"70000.00"} 
[2026-06-02 09:06:15] testing.INFO: App\Services\DomainCatalogService - Domain imported {"domain_id":1,"domain_name":"example.com","profit":"70000.00"} 
[2026-06-02 09:06:15] testing.INFO: App\Services\DomainCatalogService - Domain imported {"domain_id":1,"domain_name":"auto.com","profit":"70000.00"} 
[2026-06-02 09:06:15] testing.INFO: App\Services\DomainCatalogService - Domain imported {"domain_id":1,"domain_name":"secure.com","profit":"70000.00"} 
[2026-06-02 09:06:15] testing.INFO: [email_approved_6a1e9d07eea67] Starting payment approved email {"payment_id":1,"payment_number":"PAY-TXN-DUP-001"} 
[2026-06-02 09:06:15] testing.ERROR: [email_approved_6a1e9d07eea67] Payment approved email failed {"payment_id":1,"error":"SQLSTATE[HY000]: General error: 1 no such table: users (Connection: sqlite, SQL: select * from \"users\" where \"users\".\"id\" = 1 and \"users\".\"deleted_at\" is null limit 1)","file":"/Users/Shared/dự án /hostist-vps/vendor/laravel/framework/src/Illuminate/Database/Connection.php","line":829} 
[2026-06-02 09:06:15] testing.INFO: App\Services\PaymentService - Payment confirmed from gateway {"payment_id":1,"provider":"vnpay","provisions":1} 
[2026-06-02 09:06:15] testing.INFO: [email_approved_6a1e9d07f2c47] Starting payment approved email {"payment_id":1,"payment_number":"PAY-TXN-OK-002"} 
[2026-06-02 09:06:15] testing.ERROR: [email_approved_6a1e9d07f2c47] Payment approved email failed {"payment_id":1,"error":"SQLSTATE[HY000]: General error: 1 no such table: users (Connection: sqlite, SQL: select * from \"users\" where \"users\".\"id\" = 1 and \"users\".\"deleted_at\" is null limit 1)","file":"/Users/Shared/dự án /hostist-vps/vendor/laravel/framework/src/Illuminate/Database/Connection.php","line":829} 
[2026-06-02 09:06:15] testing.INFO: App\Services\PaymentService - Payment confirmed from gateway {"payment_id":1,"provider":"momo","provisions":1} 
[2026-06-02 09:06:16] testing.ERROR: confirmPaymentFromGateway: không tìm thấy payment {"transaction_id":"TXN-MISSING","provider":"zalopay"} 
[2026-06-02 15:07:18] testing.INFO: App\Services\DomainProvisioningService - Domain activated from provision {"provision_id":1,"customer_service_id":1,"domain":"khachdat.com","expires_at":"2028-06-02"} 
[2026-06-02 15:07:18] testing.INFO: App\Services\DomainProvisioningService - Domain activated from provision {"provision_id":1,"customer_service_id":1,"domain":"khachdat.com","expires_at":"2028-06-02"} 
[2026-06-02 15:07:18] testing.INFO: App\Services\DomainProvisioningService - Domain activated from provision {"provision_id":1,"customer_service_id":1,"domain":"khachdat.com","expires_at":"2028-12-31"} 
[2026-06-02 15:07:18] testing.INFO: App\Services\DomainProvisioningService - Domain activated from provision {"provision_id":1,"customer_service_id":1,"domain":"khachdat.com","expires_at":"2028-06-02"} 
[2026-06-02 15:07:18] testing.INFO: App\Services\DomainProvisioningService - Domain activated from provision {"provision_id":1,"customer_service_id":2,"domain":"khachdat.com","expires_at":"2028-06-02"} 
[2026-06-02 15:07:18] testing.INFO: App\Services\DomainProvisioningService - Domain activated from provision {"provision_id":1,"customer_service_id":1,"domain":"khachdat.com","expires_at":"2028-06-02"} 
[2026-06-02 15:07:18] testing.INFO: App\Services\DomainProvisioningService - Domain activated from provision {"provision_id":1,"customer_service_id":1,"domain":"khachdat.com","expires_at":"2028-06-02"} 
[2026-06-02 15:09:16] testing.INFO: App\Services\DomainCatalogService - Domain imported {"domain_id":1,"domain_name":"example.com","profit":"70000.00"} 
[2026-06-02 15:09:16] testing.INFO: App\Services\DomainCatalogService - Domain imported {"domain_id":1,"domain_name":"auto.com","profit":"70000.00"} 
[2026-06-02 15:09:16] testing.INFO: App\Services\DomainCatalogService - Domain imported {"domain_id":1,"domain_name":"secure.com","profit":"70000.00"} 
[2026-06-02 15:09:16] testing.INFO: App\Services\DomainProvisioningService - Domain activated from provision {"provision_id":1,"customer_service_id":1,"domain":"khachdat.com","expires_at":"2028-06-02"} 
[2026-06-02 15:09:16] testing.INFO: App\Services\DomainProvisioningService - Domain activated from provision {"provision_id":1,"customer_service_id":1,"domain":"khachdat.com","expires_at":"2028-06-02"} 
[2026-06-02 15:09:16] testing.INFO: App\Services\DomainProvisioningService - Domain activated from provision {"provision_id":1,"customer_service_id":1,"domain":"khachdat.com","expires_at":"2028-12-31"} 
[2026-06-02 15:09:16] testing.INFO: App\Services\DomainProvisioningService - Domain activated from provision {"provision_id":1,"customer_service_id":1,"domain":"khachdat.com","expires_at":"2028-06-02"} 
[2026-06-02 15:09:16] testing.INFO: App\Services\DomainProvisioningService - Domain activated from provision {"provision_id":1,"customer_service_id":2,"domain":"khachdat.com","expires_at":"2028-06-02"} 
[2026-06-02 15:09:16] testing.INFO: App\Services\DomainProvisioningService - Domain activated from provision {"provision_id":1,"customer_service_id":1,"domain":"khachdat.com","expires_at":"2028-06-02"} 
[2026-06-02 15:09:16] testing.INFO: App\Services\DomainProvisioningService - Domain activated from provision {"provision_id":1,"customer_service_id":1,"domain":"khachdat.com","expires_at":"2028-06-02"} 
[2026-06-02 15:09:16] testing.INFO: [email_approved_6a1ef21c81407] Starting payment approved email {"payment_id":1,"payment_number":"PAY-TXN-DUP-001"} 
[2026-06-02 15:09:16] testing.ERROR: [email_approved_6a1ef21c81407] Payment approved email failed {"payment_id":1,"error":"SQLSTATE[HY000]: General error: 1 no such table: users (Connection: sqlite, SQL: select * from \"users\" where \"users\".\"id\" = 1 and \"users\".\"deleted_at\" is null limit 1)","file":"/Users/Shared/dự án /hostist-vps/vendor/laravel/framework/src/Illuminate/Database/Connection.php","line":829} 
[2026-06-02 15:09:16] testing.INFO: App\Services\PaymentService - Payment confirmed from gateway {"payment_id":1,"provider":"vnpay","provisions":1} 
[2026-06-02 15:09:16] testing.INFO: [email_approved_6a1ef21c852a3] Starting payment approved email {"payment_id":1,"payment_number":"PAY-TXN-OK-002"} 
[2026-06-02 15:09:16] testing.ERROR: [email_approved_6a1ef21c852a3] Payment approved email failed {"payment_id":1,"error":"SQLSTATE[HY000]: General error: 1 no such table: users (Connection: sqlite, SQL: select * from \"users\" where \"users\".\"id\" = 1 and \"users\".\"deleted_at\" is null limit 1)","file":"/Users/Shared/dự án /hostist-vps/vendor/laravel/framework/src/Illuminate/Database/Connection.php","line":829} 
[2026-06-02 15:09:16] testing.INFO: App\Services\PaymentService - Payment confirmed from gateway {"payment_id":1,"provider":"momo","provisions":1} 
[2026-06-02 15:09:16] testing.ERROR: confirmPaymentFromGateway: không tìm thấy payment {"transaction_id":"TXN-MISSING","provider":"zalopay"} 
[2026-06-08 06:44:47] local.ERROR: SQLSTATE[42S22]: Column not found: 1054 Unknown column 'additional_data' in 'field list' (Connection: mysql, SQL: insert into `provision_logs` (`provision_id`, `action`, `performed_by`, `ip_address`, `user_agent`, `additional_data`, `severity`, `updated_at`, `created_at`) values (5, service_params_updated, 1, 127.0.0.1, Mozilla/5.0 (Macintosh; Intel Mac OS X 10_15_7) AppleWebKit/537.36 (KHTML, like Gecko) Chrome/147.0.0.0 Safari/537.36, {"customer_service_id":2,"fields":["server_name","server_ip","os","username","cpu","ram","disk","bandwidth","notes"],"admin_id":1}, info, 2026-06-08 06:44:47, 2026-06-08 06:44:47)) {"userId":1,"exception":"[object] (Illuminate\\Database\\QueryException(code: 42S22): SQLSTATE[42S22]: Column not found: 1054 Unknown column 'additional_data' in 'field list' (Connection: mysql, SQL: insert into `provision_logs` (`provision_id`, `action`, `performed_by`, `ip_address`, `user_agent`, `additional_data`, `severity`, `updated_at`, `created_at`) values (5, service_params_updated, 1, 127.0.0.1, Mozilla/5.0 (Macintosh; Intel Mac OS X 10_15_7) AppleWebKit/537.36 (KHTML, like Gecko) Chrome/147.0.0.0 Safari/537.36, {\"customer_service_id\":2,\"fields\":[\"server_name\",\"server_ip\",\"os\",\"username\",\"cpu\",\"ram\",\"disk\",\"bandwidth\",\"notes\"],\"admin_id\":1}, info, 2026-06-08 06:44:47, 2026-06-08 06:44:47)) at /Users/Shared/dự án /hostist-vps/vendor/laravel/framework/src/Illuminate/Database/Connection.php:829)
[stacktrace]
#0 /Users/Shared/dự án /hostist-vps/vendor/laravel/framework/src/Illuminate/Database/Connection.php(783): Illuminate\\Database\\Connection->runQueryCallback('insert into `pr...', Array, Object(Closure))
#1 /Users/Shared/dự án /hostist-vps/vendor/laravel/framework/src/Illuminate/Database/MySqlConnection.php(34): Illuminate\\Database\\Connection->run('insert into `pr...', Array, Object(Closure))
#2 /Users/Shared/dự án /hostist-vps/vendor/laravel/framework/src/Illuminate/Database/Query/Processors/MySqlProcessor.php(35): Illuminate\\Database\\MySqlConnection->insert('insert into `pr...', Array, 'id')
#3 /Users/Shared/dự án /hostist-vps/vendor/laravel/framework/src/Illuminate/Database/Query/Builder.php(3549): Illuminate\\Database\\Query\\Processors\\MySqlProcessor->processInsertGetId(Object(Illuminate\\Database\\Query\\Builder), 'insert into `pr...', Array, 'id')
#4 /Users/Shared/dự án /hostist-vps/vendor/laravel/framework/src/Illuminate/Database/Eloquent/Builder.php(1982): Illuminate\\Database\\Query\\Builder->insertGetId(Array, 'id')
#5 /Users/Shared/dự án /hostist-vps/vendor/laravel/framework/src/Illuminate/Database/Eloquent/Model.php(1334): Illuminate\\Database\\Eloquent\\Builder->__call('insertGetId', Array)
#6 /Users/Shared/dự án /hostist-vps/vendor/laravel/framework/src/Illuminate/Database/Eloquent/Model.php(1299): Illuminate\\Database\\Eloquent\\Model->insertAndSetId(Object(Illuminate\\Database\\Eloquent\\Builder), Array)
#7 /Users/Shared/dự án /hostist-vps/vendor/laravel/framework/src/Illuminate/Database/Eloquent/Model.php(1138): Illuminate\\Database\\Eloquent\\Model->performInsert(Object(Illuminate\\Database\\Eloquent\\Builder))
#8 /Users/Shared/dự án /hostist-vps/vendor/laravel/framework/src/Illuminate/Database/Eloquent/Builder.php(1025): Illuminate\\Database\\Eloquent\\Model->save()
#9 /Users/Shared/dự án /hostist-vps/vendor/laravel/framework/src/Illuminate/Support/helpers.php(307): Illuminate\\Database\\Eloquent\\Builder->Illuminate\\Database\\Eloquent\\{closure}(Object(App\\Models\\ProvisionLog))
#10 /Users/Shared/dự án /hostist-vps/vendor/laravel/framework/src/Illuminate/Database/Eloquent/Builder.php(1024): tap(Object(App\\Models\\ProvisionLog), Object(Closure))
#11 /Users/Shared/dự án /hostist-vps/vendor/laravel/framework/src/Illuminate/Support/Traits/ForwardsCalls.php(23): Illuminate\\Database\\Eloquent\\Builder->create(Array)
#12 /Users/Shared/dự án /hostist-vps/vendor/laravel/framework/src/Illuminate/Database/Eloquent/Model.php(2335): Illuminate\\Database\\Eloquent\\Model->forwardCallTo(Object(Illuminate\\Database\\Eloquent\\Builder), 'create', Array)
#13 /Users/Shared/dự án /hostist-vps/vendor/laravel/framework/src/Illuminate/Database/Eloquent/Model.php(2347): Illuminate\\Database\\Eloquent\\Model->__call('create', Array)
#14 /Users/Shared/dự án /hostist-vps/app/Services/AuditLogService.php(11): Illuminate\\Database\\Eloquent\\Model::__callStatic('create', Array)
#15 /Users/Shared/dự án /hostist-vps/app/Services/ServiceParameterService.php(155): App\\Services\\AuditLogService::log(5, 'service_params_...', Array)
#16 /Users/Shared/dự án /hostist-vps/app/Http/Controllers/Admin/CustomerServiceController.php(119): App\\Services\\ServiceParameterService->applyUpdate(Object(App\\Models\\CustomerService), Object(Illuminate\\Http\\Request))
#17 /Users/Shared/dự án /hostist-vps/vendor/laravel/framework/src/Illuminate/Routing/Controller.php(54): App\\Http\\Controllers\\Admin\\CustomerServiceController->update(Object(Illuminate\\Http\\Request), '2')
#18 /Users/Shared/dự án /hostist-vps/vendor/laravel/framework/src/Illuminate/Routing/ControllerDispatcher.php(43): Illuminate\\Routing\\Controller->callAction('update', Array)
#19 /Users/Shared/dự án /hostist-vps/vendor/laravel/framework/src/Illuminate/Routing/Route.php(259): Illuminate\\Routing\\ControllerDispatcher->dispatch(Object(Illuminate\\Routing\\Route), Object(App\\Http\\Controllers\\Admin\\CustomerServiceController), 'update')
#20 /Users/Shared/dự án /hostist-vps/vendor/laravel/framework/src/Illuminate/Routing/Route.php(205): Illuminate\\Routing\\Route->runController()
#21 /Users/Shared/dự án /hostist-vps/vendor/laravel/framework/src/Illuminate/Routing/Router.php(806): Illuminate\\Routing\\Route->run()
#22 /Users/Shared/dự án /hostist-vps/vendor/laravel/framework/src/Illuminate/Pipeline/Pipeline.php(144): Illuminate\\Routing\\Router->Illuminate\\Routing\\{closure}(Object(Illuminate\\Http\\Request))
#23 /Users/Shared/dự án /hostist-vps/app/Http/Middleware/AdminMiddleware.php(21): Illuminate\\Pipeline\\Pipeline->Illuminate\\Pipeline\\{closure}(Object(Illuminate\\Http\\Request))
#24 /Users/Shared/dự án /hostist-vps/vendor/laravel/framework/src/Illuminate/Pipeline/Pipeline.php(183): App\\Http\\Middleware\\AdminMiddleware->handle(Object(Illuminate\\Http\\Request), Object(Closure))
#25 /Users/Shared/dự án /hostist-vps/vendor/laravel/framework/src/Illuminate/Routing/Middleware/SubstituteBindings.php(50): Illuminate\\Pipeline\\Pipeline->Illuminate\\Pipeline\\{closure}(Object(Illuminate\\Http\\Request))
#26 /Users/Shared/dự án /hostist-vps/vendor/laravel/framework/src/Illuminate/Pipeline/Pipeline.php(183): Illuminate\\Routing\\Middleware\\SubstituteBindings->handle(Object(Illuminate\\Http\\Request), Object(Closure))
#27 /Users/Shared/dự án /hostist-vps/vendor/laravel/framework/src/Illuminate/Auth/Middleware/Authenticate.php(57): Illuminate\\Pipeline\\Pipeline->Illuminate\\Pipeline\\{closure}(Object(Illuminate\\Http\\Request))
#28 /Users/Shared/dự án /hostist-vps/vendor/laravel/framework/src/Illuminate/Pipeline/Pipeline.php(183): Illuminate\\Auth\\Middleware\\Authenticate->handle(Object(Illuminate\\Http\\Request), Object(Closure))
#29 /Users/Shared/dự án /hostist-vps/vendor/laravel/framework/src/Illuminate/Foundation/Http/Middleware/VerifyCsrfToken.php(78): Illuminate\\Pipeline\\Pipeline->Illuminate\\Pipeline\\{closure}(Object(Illuminate\\Http\\Request))
#30 /Users/Shared/dự án /hostist-vps/vendor/laravel/framework/src/Illuminate/Pipeline/Pipeline.php(183): Illuminate\\Foundation\\Http\\Middleware\\VerifyCsrfToken->handle(Object(Illuminate\\Http\\Request), Object(Closure))
#31 /Users/Shared/dự án /hostist-vps/vendor/laravel/framework/src/Illuminate/View/Middleware/ShareErrorsFromSession.php(49): Illuminate\\Pipeline\\Pipeline->Illuminate\\Pipeline\\{closure}(Object(Illuminate\\Http\\Request))
#32 /Users/Shared/dự án /hostist-vps/vendor/laravel/framework/src/Illuminate/Pipeline/Pipeline.php(183): Illuminate\\View\\Middleware\\ShareErrorsFromSession->handle(Object(Illuminate\\Http\\Request), Object(Closure))
#33 /Users/Shared/dự án /hostist-vps/vendor/laravel/framework/src/Illuminate/Session/Middleware/StartSession.php(121): Illuminate\\Pipeline\\Pipeline->Illuminate\\Pipeline\\{closure}(Object(Illuminate\\Http\\Request))
#34 /Users/Shared/dự án /hostist-vps/vendor/laravel/framework/src/Illuminate/Session/Middleware/StartSession.php(64): Illuminate\\Session\\Middleware\\StartSession->handleStatefulRequest(Object(Illuminate\\Http\\Request), Object(Illuminate\\Session\\Store), Object(Closure))
#35 /Users/Shared/dự án /hostist-vps/vendor/laravel/framework/src/Illuminate/Pipeline/Pipeline.php(183): Illuminate\\Session\\Middleware\\StartSession->handle(Object(Illuminate\\Http\\Request), Object(Closure))
#36 /Users/Shared/dự án /hostist-vps/vendor/laravel/framework/src/Illuminate/Cookie/Middleware/AddQueuedCookiesToResponse.php(37): Illuminate\\Pipeline\\Pipeline->Illuminate\\Pipeline\\{closure}(Object(Illuminate\\Http\\Request))
#37 /Users/Shared/dự án /hostist-vps/vendor/laravel/framework/src/Illuminate/Pipeline/Pipeline.php(183): Illuminate\\Cookie\\Middleware\\AddQueuedCookiesToResponse->handle(Object(Illuminate\\Http\\Request), Object(Closure))
#38 /Users/Shared/dự án /hostist-vps/vendor/laravel/framework/src/Illuminate/Cookie/Middleware/EncryptCookies.php(67): Illuminate\\Pipeline\\Pipeline->Illuminate\\Pipeline\\{closure}(Object(Illuminate\\Http\\Request))
#39 /Users/Shared/dự án /hostist-vps/vendor/laravel/framework/src/Illuminate/Pipeline/Pipeline.php(183): Illuminate\\Cookie\\Middleware\\EncryptCookies->handle(Object(Illuminate\\Http\\Request), Object(Closure))
#40 /Users/Shared/dự án /hostist-vps/vendor/laravel/framework/src/Illuminate/Pipeline/Pipeline.php(119): Illuminate\\Pipeline\\Pipeline->Illuminate\\Pipeline\\{closure}(Object(Illuminate\\Http\\Request))
#41 /Users/Shared/dự án /hostist-vps/vendor/laravel/framework/src/Illuminate/Routing/Router.php(805): Illuminate\\Pipeline\\Pipeline->then(Object(Closure))
#42 /Users/Shared/dự án /hostist-vps/vendor/laravel/framework/src/Illuminate/Routing/Router.php(784): Illuminate\\Routing\\Router->runRouteWithinStack(Object(Illuminate\\Routing\\Route), Object(Illuminate\\Http\\Request))
#43 /Users/Shared/dự án /hostist-vps/vendor/laravel/framework/src/Illuminate/Routing/Router.php(748): Illuminate\\Routing\\Router->runRoute(Object(Illuminate\\Http\\Request), Object(Illuminate\\Routing\\Route))
#44 /Users/Shared/dự án /hostist-vps/vendor/laravel/framework/src/Illuminate/Routing/Router.php(737): Illuminate\\Routing\\Router->dispatchToRoute(Object(Illuminate\\Http\\Request))
#45 /Users/Shared/dự án /hostist-vps/vendor/laravel/framework/src/Illuminate/Foundation/Http/Kernel.php(200): Illuminate\\Routing\\Router->dispatch(Object(Illuminate\\Http\\Request))
#46 /Users/Shared/dự án /hostist-vps/vendor/laravel/framework/src/Illuminate/Pipeline/Pipeline.php(144): Illuminate\\Foundation\\Http\\Kernel->Illuminate\\Foundation\\Http\\{closure}(Object(Illuminate\\Http\\Request))
#47 /Users/Shared/dự án /hostist-vps/vendor/laravel/framework/src/Illuminate/Foundation/Http/Middleware/TransformsRequest.php(21): Illuminate\\Pipeline\\Pipeline->Illuminate\\Pipeline\\{closure}(Object(Illuminate\\Http\\Request))
#48 /Users/Shared/dự án /hostist-vps/vendor/laravel/framework/src/Illuminate/Foundation/Http/Middleware/ConvertEmptyStringsToNull.php(31): Illuminate\\Foundation\\Http\\Middleware\\TransformsRequest->handle(Object(Illuminate\\Http\\Request), Object(Closure))
#49 /Users/Shared/dự án /hostist-vps/vendor/laravel/framework/src/Illuminate/Pipeline/Pipeline.php(183): Illuminate\\Foundation\\Http\\Middleware\\ConvertEmptyStringsToNull->handle(Object(Illuminate\\Http\\Request), Object(Closure))
#50 /Users/Shared/dự án /hostist-vps/vendor/laravel/framework/src/Illuminate/Foundation/Http/Middleware/TransformsRequest.php(21): Illuminate\\Pipeline\\Pipeline->Illuminate\\Pipeline\\{closure}(Object(Illuminate\\Http\\Request))
#51 /Users/Shared/dự án /hostist-vps/vendor/laravel/framework/src/Illuminate/Foundation/Http/Middleware/TrimStrings.php(40): Illuminate\\Foundation\\Http\\Middleware\\TransformsRequest->handle(Object(Illuminate\\Http\\Request), Object(Closure))
#52 /Users/Shared/dự án /hostist-vps/vendor/laravel/framework/src/Illuminate/Pipeline/Pipeline.php(183): Illuminate\\Foundation\\Http\\Middleware\\TrimStrings->handle(Object(Illuminate\\Http\\Request), Object(Closure))
#53 /Users/Shared/dự án /hostist-vps/vendor/laravel/framework/src/Illuminate/Foundation/Http/Middleware/ValidatePostSize.php(27): Illuminate\\Pipeline\\Pipeline->Illuminate\\Pipeline\\{closure}(Object(Illuminate\\Http\\Request))
#54 /Users/Shared/dự án /hostist-vps/vendor/laravel/framework/src/Illuminate/Pipeline/Pipeline.php(183): Illuminate\\Foundation\\Http\\Middleware\\ValidatePostSize->handle(Object(Illuminate\\Http\\Request), Object(Closure))
#55 /Users/Shared/dự án /hostist-vps/vendor/laravel/framework/src/Illuminate/Foundation/Http/Middleware/PreventRequestsDuringMaintenance.php(99): Illuminate\\Pipeline\\Pipeline->Illuminate\\Pipeline\\{closure}(Object(Illuminate\\Http\\Request))
#56 /Users/Shared/dự án /hostist-vps/vendor/laravel/framework/src/Illuminate/Pipeline/Pipeline.php(183): Illuminate\\Foundation\\Http\\Middleware\\PreventRequestsDuringMaintenance->handle(Object(Illuminate\\Http\\Request), Object(Closure))
#57 /Users/Shared/dự án /hostist-vps/vendor/laravel/framework/src/Illuminate/Http/Middleware/HandleCors.php(49): Illuminate\\Pipeline\\Pipeline->Illuminate\\Pipeline\\{closure}(Object(Illuminate\\Http\\Request))
#58 /Users/Shared/dự án /hostist-vps/vendor/laravel/framework/src/Illuminate/Pipeline/Pipeline.php(183): Illuminate\\Http\\Middleware\\HandleCors->handle(Object(Illuminate\\Http\\Request), Object(Closure))
#59 /Users/Shared/dự án /hostist-vps/vendor/laravel/framework/src/Illuminate/Http/Middleware/TrustProxies.php(39): Illuminate\\Pipeline\\Pipeline->Illuminate\\Pipeline\\{closure}(Object(Illuminate\\Http\\Request))
#60 /Users/Shared/dự án /hostist-vps/vendor/laravel/framework/src/Illuminate/Pipeline/Pipeline.php(183): Illuminate\\Http\\Middleware\\TrustProxies->handle(Object(Illuminate\\Http\\Request), Object(Closure))
#61 /Users/Shared/dự án /hostist-vps/vendor/laravel/framework/src/Illuminate/Pipeline/Pipeline.php(119): Illuminate\\Pipeline\\Pipeline->Illuminate\\Pipeline\\{closure}(Object(Illuminate\\Http\\Request))
#62 /Users/Shared/dự án /hostist-vps/vendor/laravel/framework/src/Illuminate/Foundation/Http/Kernel.php(175): Illuminate\\Pipeline\\Pipeline->then(Object(Closure))
#63 /Users/Shared/dự án /hostist-vps/vendor/laravel/framework/src/Illuminate/Foundation/Http/Kernel.php(144): Illuminate\\Foundation\\Http\\Kernel->sendRequestThroughRouter(Object(Illuminate\\Http\\Request))
#64 /Users/Shared/dự án /hostist-vps/public/index.php(51): Illuminate\\Foundation\\Http\\Kernel->handle(Object(Illuminate\\Http\\Request))
#65 /Users/Shared/dự án /hostist-vps/vendor/laravel/framework/src/Illuminate/Foundation/resources/server.php(16): require_once('/Users/Shared/d...')
#66 {main}

[previous exception] [object] (PDOException(code: 42S22): SQLSTATE[42S22]: Column not found: 1054 Unknown column 'additional_data' in 'field list' at /Users/Shared/dự án /hostist-vps/vendor/laravel/framework/src/Illuminate/Database/MySqlConnection.php:39)
[stacktrace]
#0 /Users/Shared/dự án /hostist-vps/vendor/laravel/framework/src/Illuminate/Database/MySqlConnection.php(39): PDO->prepare('insert into `pr...')
#1 /Users/Shared/dự án /hostist-vps/vendor/laravel/framework/src/Illuminate/Database/Connection.php(816): Illuminate\\Database\\MySqlConnection->Illuminate\\Database\\{closure}('insert into `pr...', Array)
#2 /Users/Shared/dự án /hostist-vps/vendor/laravel/framework/src/Illuminate/Database/Connection.php(783): Illuminate\\Database\\Connection->runQueryCallback('insert into `pr...', Array, Object(Closure))
#3 /Users/Shared/dự án /hostist-vps/vendor/laravel/framework/src/Illuminate/Database/MySqlConnection.php(34): Illuminate\\Database\\Connection->run('insert into `pr...', Array, Object(Closure))
#4 /Users/Shared/dự án /hostist-vps/vendor/laravel/framework/src/Illuminate/Database/Query/Processors/MySqlProcessor.php(35): Illuminate\\Database\\MySqlConnection->insert('insert into `pr...', Array, 'id')
#5 /Users/Shared/dự án /hostist-vps/vendor/laravel/framework/src/Illuminate/Database/Query/Builder.php(3549): Illuminate\\Database\\Query\\Processors\\MySqlProcessor->processInsertGetId(Object(Illuminate\\Database\\Query\\Builder), 'insert into `pr...', Array, 'id')
#6 /Users/Shared/dự án /hostist-vps/vendor/laravel/framework/src/Illuminate/Database/Eloquent/Builder.php(1982): Illuminate\\Database\\Query\\Builder->insertGetId(Array, 'id')
#7 /Users/Shared/dự án /hostist-vps/vendor/laravel/framework/src/Illuminate/Database/Eloquent/Model.php(1334): Illuminate\\Database\\Eloquent\\Builder->__call('insertGetId', Array)
#8 /Users/Shared/dự án /hostist-vps/vendor/laravel/framework/src/Illuminate/Database/Eloquent/Model.php(1299): Illuminate\\Database\\Eloquent\\Model->insertAndSetId(Object(Illuminate\\Database\\Eloquent\\Builder), Array)
#9 /Users/Shared/dự án /hostist-vps/vendor/laravel/framework/src/Illuminate/Database/Eloquent/Model.php(1138): Illuminate\\Database\\Eloquent\\Model->performInsert(Object(Illuminate\\Database\\Eloquent\\Builder))
#10 /Users/Shared/dự án /hostist-vps/vendor/laravel/framework/src/Illuminate/Database/Eloquent/Builder.php(1025): Illuminate\\Database\\Eloquent\\Model->save()
#11 /Users/Shared/dự án /hostist-vps/vendor/laravel/framework/src/Illuminate/Support/helpers.php(307): Illuminate\\Database\\Eloquent\\Builder->Illuminate\\Database\\Eloquent\\{closure}(Object(App\\Models\\ProvisionLog))
#12 /Users/Shared/dự án /hostist-vps/vendor/laravel/framework/src/Illuminate/Database/Eloquent/Builder.php(1024): tap(Object(App\\Models\\ProvisionLog), Object(Closure))
#13 /Users/Shared/dự án /hostist-vps/vendor/laravel/framework/src/Illuminate/Support/Traits/ForwardsCalls.php(23): Illuminate\\Database\\Eloquent\\Builder->create(Array)
#14 /Users/Shared/dự án /hostist-vps/vendor/laravel/framework/src/Illuminate/Database/Eloquent/Model.php(2335): Illuminate\\Database\\Eloquent\\Model->forwardCallTo(Object(Illuminate\\Database\\Eloquent\\Builder), 'create', Array)
#15 /Users/Shared/dự án /hostist-vps/vendor/laravel/framework/src/Illuminate/Database/Eloquent/Model.php(2347): Illuminate\\Database\\Eloquent\\Model->__call('create', Array)
#16 /Users/Shared/dự án /hostist-vps/app/Services/AuditLogService.php(11): Illuminate\\Database\\Eloquent\\Model::__callStatic('create', Array)
#17 /Users/Shared/dự án /hostist-vps/app/Services/ServiceParameterService.php(155): App\\Services\\AuditLogService::log(5, 'service_params_...', Array)
#18 /Users/Shared/dự án /hostist-vps/app/Http/Controllers/Admin/CustomerServiceController.php(119): App\\Services\\ServiceParameterService->applyUpdate(Object(App\\Models\\CustomerService), Object(Illuminate\\Http\\Request))
#19 /Users/Shared/dự án /hostist-vps/vendor/laravel/framework/src/Illuminate/Routing/Controller.php(54): App\\Http\\Controllers\\Admin\\CustomerServiceController->update(Object(Illuminate\\Http\\Request), '2')
#20 /Users/Shared/dự án /hostist-vps/vendor/laravel/framework/src/Illuminate/Routing/ControllerDispatcher.php(43): Illuminate\\Routing\\Controller->callAction('update', Array)
#21 /Users/Shared/dự án /hostist-vps/vendor/laravel/framework/src/Illuminate/Routing/Route.php(259): Illuminate\\Routing\\ControllerDispatcher->dispatch(Object(Illuminate\\Routing\\Route), Object(App\\Http\\Controllers\\Admin\\CustomerServiceController), 'update')
#22 /Users/Shared/dự án /hostist-vps/vendor/laravel/framework/src/Illuminate/Routing/Route.php(205): Illuminate\\Routing\\Route->runController()
#23 /Users/Shared/dự án /hostist-vps/vendor/laravel/framework/src/Illuminate/Routing/Router.php(806): Illuminate\\Routing\\Route->run()
#24 /Users/Shared/dự án /hostist-vps/vendor/laravel/framework/src/Illuminate/Pipeline/Pipeline.php(144): Illuminate\\Routing\\Router->Illuminate\\Routing\\{closure}(Object(Illuminate\\Http\\Request))
#25 /Users/Shared/dự án /hostist-vps/app/Http/Middleware/AdminMiddleware.php(21): Illuminate\\Pipeline\\Pipeline->Illuminate\\Pipeline\\{closure}(Object(Illuminate\\Http\\Request))
#26 /Users/Shared/dự án /hostist-vps/vendor/laravel/framework/src/Illuminate/Pipeline/Pipeline.php(183): App\\Http\\Middleware\\AdminMiddleware->handle(Object(Illuminate\\Http\\Request), Object(Closure))
#27 /Users/Shared/dự án /hostist-vps/vendor/laravel/framework/src/Illuminate/Routing/Middleware/SubstituteBindings.php(50): Illuminate\\Pipeline\\Pipeline->Illuminate\\Pipeline\\{closure}(Object(Illuminate\\Http\\Request))
#28 /Users/Shared/dự án /hostist-vps/vendor/laravel/framework/src/Illuminate/Pipeline/Pipeline.php(183): Illuminate\\Routing\\Middleware\\SubstituteBindings->handle(Object(Illuminate\\Http\\Request), Object(Closure))
#29 /Users/Shared/dự án /hostist-vps/vendor/laravel/framework/src/Illuminate/Auth/Middleware/Authenticate.php(57): Illuminate\\Pipeline\\Pipeline->Illuminate\\Pipeline\\{closure}(Object(Illuminate\\Http\\Request))
#30 /Users/Shared/dự án /hostist-vps/vendor/laravel/framework/src/Illuminate/Pipeline/Pipeline.php(183): Illuminate\\Auth\\Middleware\\Authenticate->handle(Object(Illuminate\\Http\\Request), Object(Closure))
#31 /Users/Shared/dự án /hostist-vps/vendor/laravel/framework/src/Illuminate/Foundation/Http/Middleware/VerifyCsrfToken.php(78): Illuminate\\Pipeline\\Pipeline->Illuminate\\Pipeline\\{closure}(Object(Illuminate\\Http\\Request))
#32 /Users/Shared/dự án /hostist-vps/vendor/laravel/framework/src/Illuminate/Pipeline/Pipeline.php(183): Illuminate\\Foundation\\Http\\Middleware\\VerifyCsrfToken->handle(Object(Illuminate\\Http\\Request), Object(Closure))
#33 /Users/Shared/dự án /hostist-vps/vendor/laravel/framework/src/Illuminate/View/Middleware/ShareErrorsFromSession.php(49): Illuminate\\Pipeline\\Pipeline->Illuminate\\Pipeline\\{closure}(Object(Illuminate\\Http\\Request))
#34 /Users/Shared/dự án /hostist-vps/vendor/laravel/framework/src/Illuminate/Pipeline/Pipeline.php(183): Illuminate\\View\\Middleware\\ShareErrorsFromSession->handle(Object(Illuminate\\Http\\Request), Object(Closure))
#35 /Users/Shared/dự án /hostist-vps/vendor/laravel/framework/src/Illuminate/Session/Middleware/StartSession.php(121): Illuminate\\Pipeline\\Pipeline->Illuminate\\Pipeline\\{closure}(Object(Illuminate\\Http\\Request))
#36 /Users/Shared/dự án /hostist-vps/vendor/laravel/framework/src/Illuminate/Session/Middleware/StartSession.php(64): Illuminate\\Session\\Middleware\\StartSession->handleStatefulRequest(Object(Illuminate\\Http\\Request), Object(Illuminate\\Session\\Store), Object(Closure))
#37 /Users/Shared/dự án /hostist-vps/vendor/laravel/framework/src/Illuminate/Pipeline/Pipeline.php(183): Illuminate\\Session\\Middleware\\StartSession->handle(Object(Illuminate\\Http\\Request), Object(Closure))
#38 /Users/Shared/dự án /hostist-vps/vendor/laravel/framework/src/Illuminate/Cookie/Middleware/AddQueuedCookiesToResponse.php(37): Illuminate\\Pipeline\\Pipeline->Illuminate\\Pipeline\\{closure}(Object(Illuminate\\Http\\Request))
#39 /Users/Shared/dự án /hostist-vps/vendor/laravel/framework/src/Illuminate/Pipeline/Pipeline.php(183): Illuminate\\Cookie\\Middleware\\AddQueuedCookiesToResponse->handle(Object(Illuminate\\Http\\Request), Object(Closure))
#40 /Users/Shared/dự án /hostist-vps/vendor/laravel/framework/src/Illuminate/Cookie/Middleware/EncryptCookies.php(67): Illuminate\\Pipeline\\Pipeline->Illuminate\\Pipeline\\{closure}(Object(Illuminate\\Http\\Request))
#41 /Users/Shared/dự án /hostist-vps/vendor/laravel/framework/src/Illuminate/Pipeline/Pipeline.php(183): Illuminate\\Cookie\\Middleware\\EncryptCookies->handle(Object(Illuminate\\Http\\Request), Object(Closure))
#42 /Users/Shared/dự án /hostist-vps/vendor/laravel/framework/src/Illuminate/Pipeline/Pipeline.php(119): Illuminate\\Pipeline\\Pipeline->Illuminate\\Pipeline\\{closure}(Object(Illuminate\\Http\\Request))
#43 /Users/Shared/dự án /hostist-vps/vendor/laravel/framework/src/Illuminate/Routing/Router.php(805): Illuminate\\Pipeline\\Pipeline->then(Object(Closure))
#44 /Users/Shared/dự án /hostist-vps/vendor/laravel/framework/src/Illuminate/Routing/Router.php(784): Illuminate\\Routing\\Router->runRouteWithinStack(Object(Illuminate\\Routing\\Route), Object(Illuminate\\Http\\Request))
#45 /Users/Shared/dự án /hostist-vps/vendor/laravel/framework/src/Illuminate/Routing/Router.php(748): Illuminate\\Routing\\Router->runRoute(Object(Illuminate\\Http\\Request), Object(Illuminate\\Routing\\Route))
#46 /Users/Shared/dự án /hostist-vps/vendor/laravel/framework/src/Illuminate/Routing/Router.php(737): Illuminate\\Routing\\Router->dispatchToRoute(Object(Illuminate\\Http\\Request))
#47 /Users/Shared/dự án /hostist-vps/vendor/laravel/framework/src/Illuminate/Foundation/Http/Kernel.php(200): Illuminate\\Routing\\Router->dispatch(Object(Illuminate\\Http\\Request))
#48 /Users/Shared/dự án /hostist-vps/vendor/laravel/framework/src/Illuminate/Pipeline/Pipeline.php(144): Illuminate\\Foundation\\Http\\Kernel->Illuminate\\Foundation\\Http\\{closure}(Object(Illuminate\\Http\\Request))
#49 /Users/Shared/dự án /hostist-vps/vendor/laravel/framework/src/Illuminate/Foundation/Http/Middleware/TransformsRequest.php(21): Illuminate\\Pipeline\\Pipeline->Illuminate\\Pipeline\\{closure}(Object(Illuminate\\Http\\Request))
#50 /Users/Shared/dự án /hostist-vps/vendor/laravel/framework/src/Illuminate/Foundation/Http/Middleware/ConvertEmptyStringsToNull.php(31): Illuminate\\Foundation\\Http\\Middleware\\TransformsRequest->handle(Object(Illuminate\\Http\\Request), Object(Closure))
#51 /Users/Shared/dự án /hostist-vps/vendor/laravel/framework/src/Illuminate/Pipeline/Pipeline.php(183): Illuminate\\Foundation\\Http\\Middleware\\ConvertEmptyStringsToNull->handle(Object(Illuminate\\Http\\Request), Object(Closure))
#52 /Users/Shared/dự án /hostist-vps/vendor/laravel/framework/src/Illuminate/Foundation/Http/Middleware/TransformsRequest.php(21): Illuminate\\Pipeline\\Pipeline->Illuminate\\Pipeline\\{closure}(Object(Illuminate\\Http\\Request))
#53 /Users/Shared/dự án /hostist-vps/vendor/laravel/framework/src/Illuminate/Foundation/Http/Middleware/TrimStrings.php(40): Illuminate\\Foundation\\Http\\Middleware\\TransformsRequest->handle(Object(Illuminate\\Http\\Request), Object(Closure))
#54 /Users/Shared/dự án /hostist-vps/vendor/laravel/framework/src/Illuminate/Pipeline/Pipeline.php(183): Illuminate\\Foundation\\Http\\Middleware\\TrimStrings->handle(Object(Illuminate\\Http\\Request), Object(Closure))
#55 /Users/Shared/dự án /hostist-vps/vendor/laravel/framework/src/Illuminate/Foundation/Http/Middleware/ValidatePostSize.php(27): Illuminate\\Pipeline\\Pipeline->Illuminate\\Pipeline\\{closure}(Object(Illuminate\\Http\\Request))
#56 /Users/Shared/dự án /hostist-vps/vendor/laravel/framework/src/Illuminate/Pipeline/Pipeline.php(183): Illuminate\\Foundation\\Http\\Middleware\\ValidatePostSize->handle(Object(Illuminate\\Http\\Request), Object(Closure))
#57 /Users/Shared/dự án /hostist-vps/vendor/laravel/framework/src/Illuminate/Foundation/Http/Middleware/PreventRequestsDuringMaintenance.php(99): Illuminate\\Pipeline\\Pipeline->Illuminate\\Pipeline\\{closure}(Object(Illuminate\\Http\\Request))
#58 /Users/Shared/dự án /hostist-vps/vendor/laravel/framework/src/Illuminate/Pipeline/Pipeline.php(183): Illuminate\\Foundation\\Http\\Middleware\\PreventRequestsDuringMaintenance->handle(Object(Illuminate\\Http\\Request), Object(Closure))
#59 /Users/Shared/dự án /hostist-vps/vendor/laravel/framework/src/Illuminate/Http/Middleware/HandleCors.php(49): Illuminate\\Pipeline\\Pipeline->Illuminate\\Pipeline\\{closure}(Object(Illuminate\\Http\\Request))
#60 /Users/Shared/dự án /hostist-vps/vendor/laravel/framework/src/Illuminate/Pipeline/Pipeline.php(183): Illuminate\\Http\\Middleware\\HandleCors->handle(Object(Illuminate\\Http\\Request), Object(Closure))
#61 /Users/Shared/dự án /hostist-vps/vendor/laravel/framework/src/Illuminate/Http/Middleware/TrustProxies.php(39): Illuminate\\Pipeline\\Pipeline->Illuminate\\Pipeline\\{closure}(Object(Illuminate\\Http\\Request))
#62 /Users/Shared/dự án /hostist-vps/vendor/laravel/framework/src/Illuminate/Pipeline/Pipeline.php(183): Illuminate\\Http\\Middleware\\TrustProxies->handle(Object(Illuminate\\Http\\Request), Object(Closure))
#63 /Users/Shared/dự án /hostist-vps/vendor/laravel/framework/src/Illuminate/Pipeline/Pipeline.php(119): Illuminate\\Pipeline\\Pipeline->Illuminate\\Pipeline\\{closure}(Object(Illuminate\\Http\\Request))
#64 /Users/Shared/dự án /hostist-vps/vendor/laravel/framework/src/Illuminate/Foundation/Http/Kernel.php(175): Illuminate\\Pipeline\\Pipeline->then(Object(Closure))
#65 /Users/Shared/dự án /hostist-vps/vendor/laravel/framework/src/Illuminate/Foundation/Http/Kernel.php(144): Illuminate\\Foundation\\Http\\Kernel->sendRequestThroughRouter(Object(Illuminate\\Http\\Request))
#66 /Users/Shared/dự án /hostist-vps/public/index.php(51): Illuminate\\Foundation\\Http\\Kernel->handle(Object(Illuminate\\Http\\Request))
#67 /Users/Shared/dự án /hostist-vps/vendor/laravel/framework/src/Illuminate/Foundation/resources/server.php(16): require_once('/Users/Shared/d...')
#68 {main}
"} 
[2026-06-08 06:52:44] local.INFO: Customer services debug {"user_id":5,"customer_id":4,"has_customer":true} 
[2026-06-08 06:52:44] local.INFO: Customer services debug {"user_id":5,"customer_id":4,"has_customer":true} 
[2026-06-08 06:52:46] local.INFO: Customer services debug {"user_id":5,"customer_id":4,"has_customer":true} 
[2026-06-08 06:52:46] local.INFO: Customer services debug {"user_id":5,"customer_id":4,"has_customer":true} 
[2026-06-08 06:52:54] local.INFO: Provision data debug {"provision_id":5,"provision_data":{"service_type":"vps","backfilled":true,"backfilled_at":"2026-04-27T08:18:46+00:00","note":"Backfilled from completed order — admin cần cập nhật credentials","original_options":{"period":"1","auto_renew":"1"},"server_name":"dongynguyenhuutoan-2025","server_ip":"103.249.201.181","os":"ubuntu-20.04","username":"admin","password":"eyJpdiI6IkVSVjMyM04zN0xuQjlLU2VZaFBENGc9PSIsInZhbHVlIjoiVFdYS3phR3N5RHpxREo0ajRIbkNWZz09IiwibWFjIjoiMDFjZDNhNDA4OTNjYmVjNDFmM2MxYzU2YzZkMjEwMzU5NWQ4ZTNjZTBiZWFmMmUzMDA0MzIzM2E3MWJiNjYxMyIsInRhZyI6IiJ9","cpu":"8","ram":"16","disk":"179","bandwidth":null,"notes":null,"updated_at":"2026-06-08T06:50:23.794158Z"},"credentials":"not found"} 
[2026-06-08 06:52:54] local.INFO: Provision data debug {"provision_id":5,"provision_data":{"service_type":"vps","backfilled":true,"backfilled_at":"2026-04-27T08:18:46+00:00","note":"Backfilled from completed order — admin cần cập nhật credentials","original_options":{"period":"1","auto_renew":"1"},"server_name":"dongynguyenhuutoan-2025","server_ip":"103.249.201.181","os":"ubuntu-20.04","username":"admin","password":"eyJpdiI6IkVSVjMyM04zN0xuQjlLU2VZaFBENGc9PSIsInZhbHVlIjoiVFdYS3phR3N5RHpxREo0ajRIbkNWZz09IiwibWFjIjoiMDFjZDNhNDA4OTNjYmVjNDFmM2MxYzU2YzZkMjEwMzU5NWQ4ZTNjZTBiZWFmMmUzMDA0MzIzM2E3MWJiNjYxMyIsInRhZyI6IiJ9","cpu":"8","ram":"16","disk":"179","bandwidth":null,"notes":null,"updated_at":"2026-06-08T06:50:23.794158Z"},"credentials":"not found"} 
[2026-06-08 06:53:06] local.INFO: Customer services debug {"user_id":5,"customer_id":4,"has_customer":true} 
[2026-06-08 06:53:06] local.INFO: Customer services debug {"user_id":5,"customer_id":4,"has_customer":true} 
[2026-06-08 07:06:31] local.INFO: Customer services debug {"user_id":5,"customer_id":4,"has_customer":true} 
[2026-06-08 07:06:31] local.INFO: Customer services debug {"user_id":5,"customer_id":4,"has_customer":true} 
[2026-06-08 07:06:50] local.INFO: Provision data debug {"provision_id":5,"provision_data":{"service_type":"vps","backfilled":true,"backfilled_at":"2026-04-27T08:18:46+00:00","note":"Backfilled from completed order — admin cần cập nhật credentials","original_options":{"period":"1","auto_renew":"1"},"server_name":"dongynguyenhuutoan-2025","server_ip":"103.249.201.181","os":"ubuntu-20.04","username":"admin","password":"eyJpdiI6IkVSVjMyM04zN0xuQjlLU2VZaFBENGc9PSIsInZhbHVlIjoiVFdYS3phR3N5RHpxREo0ajRIbkNWZz09IiwibWFjIjoiMDFjZDNhNDA4OTNjYmVjNDFmM2MxYzU2YzZkMjEwMzU5NWQ4ZTNjZTBiZWFmMmUzMDA0MzIzM2E3MWJiNjYxMyIsInRhZyI6IiJ9","cpu":"8","ram":"16","disk":"179","bandwidth":null,"notes":null,"updated_at":"2026-06-08T06:50:23.794158Z"},"credentials":"not found"} 
[2026-06-08 07:06:50] local.INFO: Provision data debug {"provision_id":5,"provision_data":{"service_type":"vps","backfilled":true,"backfilled_at":"2026-04-27T08:18:46+00:00","note":"Backfilled from completed order — admin cần cập nhật credentials","original_options":{"period":"1","auto_renew":"1"},"server_name":"dongynguyenhuutoan-2025","server_ip":"103.249.201.181","os":"ubuntu-20.04","username":"admin","password":"eyJpdiI6IkVSVjMyM04zN0xuQjlLU2VZaFBENGc9PSIsInZhbHVlIjoiVFdYS3phR3N5RHpxREo0ajRIbkNWZz09IiwibWFjIjoiMDFjZDNhNDA4OTNjYmVjNDFmM2MxYzU2YzZkMjEwMzU5NWQ4ZTNjZTBiZWFmMmUzMDA0MzIzM2E3MWJiNjYxMyIsInRhZyI6IiJ9","cpu":"8","ram":"16","disk":"179","bandwidth":null,"notes":null,"updated_at":"2026-06-08T06:50:23.794158Z"},"credentials":"not found"} 
[2026-06-08 08:52:16] local.INFO: Customer services debug {"user_id":5,"customer_id":4,"has_customer":true} 
[2026-06-08 08:52:16] local.INFO: Customer services debug {"user_id":5,"customer_id":4,"has_customer":true} 
[2026-06-08 13:14:24] local.INFO: Customer services debug {"user_id":5,"customer_id":4,"has_customer":true} 
[2026-06-08 13:14:24] local.INFO: Customer services debug {"user_id":5,"customer_id":4,"has_customer":true} 
[2026-06-09 14:54:14] local.INFO: Customer services debug {"user_id":5,"customer_id":4,"has_customer":true} 
[2026-06-09 14:54:14] local.INFO: Customer services debug {"user_id":5,"customer_id":4,"has_customer":true} 
[2026-06-09 14:54:17] local.INFO: Customer services debug {"user_id":5,"customer_id":4,"has_customer":true} 
[2026-06-09 14:54:17] local.INFO: Customer services debug {"user_id":5,"customer_id":4,"has_customer":true} 
[2026-06-09 14:54:19] local.INFO: Customer services debug {"user_id":5,"customer_id":4,"has_customer":true} 
[2026-06-09 14:54:19] local.INFO: Customer services debug {"user_id":5,"customer_id":4,"has_customer":true} 
[2026-06-09 15:06:03] local.INFO: Customer services debug {"user_id":5,"customer_id":4,"has_customer":true} 
[2026-06-09 15:06:03] local.INFO: Customer services debug {"user_id":5,"customer_id":4,"has_customer":true} 
[2026-06-09 15:41:46] local.INFO: Customer services debug {"user_id":5,"customer_id":4,"has_customer":true} 
[2026-06-09 15:41:46] local.INFO: Customer services debug {"user_id":5,"customer_id":4,"has_customer":true} 
[2026-06-09 15:45:19] local.INFO: Customer services debug {"user_id":5,"customer_id":4,"has_customer":true} 
[2026-06-09 15:45:19] local.INFO: Customer services debug {"user_id":5,"customer_id":4,"has_customer":true} 
[2026-06-15 03:05:24] local.ERROR: json_decode(): Argument #1 ($json) must be of type string, array given {"view":{"view":"/Users/Shared/dự án /hostist-vps/resources/views/source/admin/categories/index.blade.php","data":{"errors":"<pre class=sf-dump id=sf-dump-168269076 data-indent-pad=\"  \"><span class=sf-dump-note>Illuminate\\Support\\ViewErrorBag</span> {<a class=sf-dump-ref>#467</a><samp data-depth=1 class=sf-dump-expanded>
  #<span class=sf-dump-protected title=\"Protected property\">bags</span>: []
</samp>}
</pre><script>Sfdump(\"sf-dump-168269076\", {\"maxDepth\":3,\"maxStringLength\":160})</script>
","categories":"<pre class=sf-dump id=sf-dump-1206983932 data-indent-pad=\"  \"><span class=sf-dump-note>Illuminate\\Pagination\\LengthAwarePaginator</span> {<a class=sf-dump-ref>#490</a><samp data-depth=1 class=sf-dump-expanded>
  #<span class=sf-dump-protected title=\"Protected property\">items</span>: <span class=sf-dump-note title=\"Illuminate\\Database\\Eloquent\\Collection
\"><span class=\"sf-dump-ellipsis sf-dump-ellipsis-note\">Illuminate\\Database\\Eloquent</span><span class=\"sf-dump-ellipsis sf-dump-ellipsis-note\">\\</span>Collection</span> {<a class=sf-dump-ref>#1459</a><samp data-depth=2 class=sf-dump-compact>
    #<span class=sf-dump-protected title=\"Protected property\">items</span>: <span class=sf-dump-note>array:7</span> [<samp data-depth=3 class=sf-dump-compact>
      <span class=sf-dump-index>0</span> => <span class=sf-dump-note title=\"App\\Models\\Categories
\"><span class=\"sf-dump-ellipsis sf-dump-ellipsis-note\">App\\Models</span><span class=\"sf-dump-ellipsis sf-dump-ellipsis-note\">\\</span>Categories</span> {<a class=sf-dump-ref>#481</a> &#8230;30}
      <span class=sf-dump-index>1</span> => <span class=sf-dump-note title=\"App\\Models\\Categories
\"><span class=\"sf-dump-ellipsis sf-dump-ellipsis-note\">App\\Models</span><span class=\"sf-dump-ellipsis sf-dump-ellipsis-note\">\\</span>Categories</span> {<a class=sf-dump-ref>#1458</a> &#8230;30}
      <span class=sf-dump-index>2</span> => <span class=sf-dump-note title=\"App\\Models\\Categories
\"><span class=\"sf-dump-ellipsis sf-dump-ellipsis-note\">App\\Models</span><span class=\"sf-dump-ellipsis sf-dump-ellipsis-note\">\\</span>Categories</span> {<a class=sf-dump-ref>#1469</a> &#8230;30}
      <span class=sf-dump-index>3</span> => <span class=sf-dump-note title=\"App\\Models\\Categories
\"><span class=\"sf-dump-ellipsis sf-dump-ellipsis-note\">App\\Models</span><span class=\"sf-dump-ellipsis sf-dump-ellipsis-note\">\\</span>Categories</span> {<a class=sf-dump-ref>#1472</a> &#8230;30}
      <span class=sf-dump-index>4</span> => <span class=sf-dump-note title=\"App\\Models\\Categories
\"><span class=\"sf-dump-ellipsis sf-dump-ellipsis-note\">App\\Models</span><span class=\"sf-dump-ellipsis sf-dump-ellipsis-note\">\\</span>Categories</span> {<a class=sf-dump-ref>#1473</a> &#8230;30}
      <span class=sf-dump-index>5</span> => <span class=sf-dump-note title=\"App\\Models\\Categories
\"><span class=\"sf-dump-ellipsis sf-dump-ellipsis-note\">App\\Models</span><span class=\"sf-dump-ellipsis sf-dump-ellipsis-note\">\\</span>Categories</span> {<a class=sf-dump-ref>#1474</a> &#8230;30}
      <span class=sf-dump-index>6</span> => <span class=sf-dump-note title=\"App\\Models\\Categories
\"><span class=\"sf-dump-ellipsis sf-dump-ellipsis-note\">App\\Models</span><span class=\"sf-dump-ellipsis sf-dump-ellipsis-note\">\\</span>Categories</span> {<a class=sf-dump-ref>#1475</a> &#8230;30}
    </samp>]
    #<span class=sf-dump-protected title=\"Protected property\">escapeWhenCastingToString</span>: <span class=sf-dump-const>false</span>
  </samp>}
  #<span class=sf-dump-protected title=\"Protected property\">perPage</span>: <span class=sf-dump-num>15</span>
  #<span class=sf-dump-protected title=\"Protected property\">currentPage</span>: <span class=sf-dump-num>1</span>
  #<span class=sf-dump-protected title=\"Protected property\">path</span>: \"<span class=sf-dump-str title=\"38 characters\">http://127.0.0.1:8000/admin/categories</span>\"
  #<span class=sf-dump-protected title=\"Protected property\">query</span>: []
  #<span class=sf-dump-protected title=\"Protected property\">fragment</span>: <span class=sf-dump-const>null</span>
  #<span class=sf-dump-protected title=\"Protected property\">pageName</span>: \"<span class=sf-dump-str title=\"4 characters\">page</span>\"
  +<span class=sf-dump-public title=\"Public property\">onEachSide</span>: <span class=sf-dump-num>3</span>
  #<span class=sf-dump-protected title=\"Protected property\">options</span>: <span class=sf-dump-note>array:2</span> [<samp data-depth=2 class=sf-dump-compact>
    \"<span class=sf-dump-key>path</span>\" => \"<span class=sf-dump-str title=\"38 characters\">http://127.0.0.1:8000/admin/categories</span>\"
    \"<span class=sf-dump-key>pageName</span>\" => \"<span class=sf-dump-str title=\"4 characters\">page</span>\"
  </samp>]
  #<span class=sf-dump-protected title=\"Protected property\">total</span>: <span class=sf-dump-num>7</span>
  #<span class=sf-dump-protected title=\"Protected property\">lastPage</span>: <span class=sf-dump-num>1</span>
</samp>}
</pre><script>Sfdump(\"sf-dump-1206983932\", {\"maxDepth\":3,\"maxStringLength\":160})</script>
","parentCategories":"<pre class=sf-dump id=sf-dump-1514073315 data-indent-pad=\"  \"><span class=sf-dump-note>Illuminate\\Database\\Eloquent\\Collection</span> {<a class=sf-dump-ref>#1479</a><samp data-depth=1 class=sf-dump-expanded>
  #<span class=sf-dump-protected title=\"Protected property\">items</span>: <span class=sf-dump-note>array:7</span> [<samp data-depth=2 class=sf-dump-compact>
    <span class=sf-dump-index>0</span> => <span class=sf-dump-note title=\"App\\Models\\Categories
\"><span class=\"sf-dump-ellipsis sf-dump-ellipsis-note\">App\\Models</span><span class=\"sf-dump-ellipsis sf-dump-ellipsis-note\">\\</span>Categories</span> {<a class=sf-dump-ref>#1481</a><samp data-depth=3 class=sf-dump-compact>
      #<span class=sf-dump-protected title=\"Protected property\">connection</span>: \"<span class=sf-dump-str title=\"5 characters\">mysql</span>\"
      #<span class=sf-dump-protected title=\"Protected property\">table</span>: \"<span class=sf-dump-str title=\"10 characters\">categories</span>\"
      #<span class=sf-dump-protected title=\"Protected property\">primaryKey</span>: \"<span class=sf-dump-str title=\"2 characters\">id</span>\"
      #<span class=sf-dump-protected title=\"Protected property\">keyType</span>: \"<span class=sf-dump-str title=\"3 characters\">int</span>\"
      +<span class=sf-dump-public title=\"Public property\">incrementing</span>: <span class=sf-dump-const>true</span>
      #<span class=sf-dump-protected title=\"Protected property\">with</span>: []
      #<span class=sf-dump-protected title=\"Protected property\">withCount</span>: []
      +<span class=sf-dump-public title=\"Public property\">preventsLazyLoading</span>: <span class=sf-dump-const>false</span>
      #<span class=sf-dump-protected title=\"Protected property\">perPage</span>: <span class=sf-dump-num>15</span>
      +<span class=sf-dump-public title=\"Public property\">exists</span>: <span class=sf-dump-const>true</span>
      +<span class=sf-dump-public title=\"Public property\">wasRecentlyCreated</span>: <span class=sf-dump-const>false</span>
      #<span class=sf-dump-protected title=\"Protected property\">escapeWhenCastingToString</span>: <span class=sf-dump-const>false</span>
      #<span class=sf-dump-protected title=\"Protected property\">attributes</span>: <span class=sf-dump-note>array:11</span> [ &#8230;11]
      #<span class=sf-dump-protected title=\"Protected property\">original</span>: <span class=sf-dump-note>array:11</span> [ &#8230;11]
      #<span class=sf-dump-protected title=\"Protected property\">changes</span>: []
      #<span class=sf-dump-protected title=\"Protected property\">casts</span>: <span class=sf-dump-note>array:2</span> [ &#8230;2]
      #<span class=sf-dump-protected title=\"Protected property\">classCastCache</span>: []
      #<span class=sf-dump-protected title=\"Protected property\">attributeCastCache</span>: []
      #<span class=sf-dump-protected title=\"Protected property\">dateFormat</span>: <span class=sf-dump-const>null</span>
      #<span class=sf-dump-protected title=\"Protected property\">appends</span>: []
      #<span class=sf-dump-protected title=\"Protected property\">dispatchesEvents</span>: []
      #<span class=sf-dump-protected title=\"Protected property\">observables</span>: []
      #<span class=sf-dump-protected title=\"Protected property\">relations</span>: []
      #<span class=sf-dump-protected title=\"Protected property\">touches</span>: []
      +<span class=sf-dump-public title=\"Public property\">timestamps</span>: <span class=sf-dump-const>true</span>
      +<span class=sf-dump-public title=\"Public property\">usesUniqueIds</span>: <span class=sf-dump-const>false</span>
      #<span class=sf-dump-protected title=\"Protected property\">hidden</span>: []
      #<span class=sf-dump-protected title=\"Protected property\">visible</span>: []
      #<span class=sf-dump-protected title=\"Protected property\">fillable</span>: <span class=sf-dump-note>array:8</span> [ &#8230;8]
      #<span class=sf-dump-protected title=\"Protected property\">guarded</span>: <span class=sf-dump-note>array:1</span> [ &#8230;1]
    </samp>}
    <span class=sf-dump-index>1</span> => <span class=sf-dump-note title=\"App\\Models\\Categories
\"><span class=\"sf-dump-ellipsis sf-dump-ellipsis-note\">App\\Models</span><span class=\"sf-dump-ellipsis sf-dump-ellipsis-note\">\\</span>Categories</span> {<a class=sf-dump-ref>#1482</a><samp data-depth=3 class=sf-dump-compact>
      #<span class=sf-dump-protected title=\"Protected property\">connection</span>: \"<span class=sf-dump-str title=\"5 characters\">mysql</span>\"
      #<span class=sf-dump-protected title=\"Protected property\">table</span>: \"<span class=sf-dump-str title=\"10 characters\">categories</span>\"
      #<span class=sf-dump-protected title=\"Protected property\">primaryKey</span>: \"<span class=sf-dump-str title=\"2 characters\">id</span>\"
      #<span class=sf-dump-protected title=\"Protected property\">keyType</span>: \"<span class=sf-dump-str title=\"3 characters\">int</span>\"
      +<span class=sf-dump-public title=\"Public property\">incrementing</span>: <span class=sf-dump-const>true</span>
      #<span class=sf-dump-protected title=\"Protected property\">with</span>: []
      #<span class=sf-dump-protected title=\"Protected property\">withCount</span>: []
      +<span class=sf-dump-public title=\"Public property\">preventsLazyLoading</span>: <span class=sf-dump-const>false</span>
      #<span class=sf-dump-protected title=\"Protected property\">perPage</span>: <span class=sf-dump-num>15</span>
      +<span class=sf-dump-public title=\"Public property\">exists</span>: <span class=sf-dump-const>true</span>
      +<span class=sf-dump-public title=\"Public property\">wasRecentlyCreated</span>: <span class=sf-dump-const>false</span>
      #<span class=sf-dump-protected title=\"Protected property\">escapeWhenCastingToString</span>: <span class=sf-dump-const>false</span>
      #<span class=sf-dump-protected title=\"Protected property\">attributes</span>: <span class=sf-dump-note>array:11</span> [ &#8230;11]
      #<span class=sf-dump-protected title=\"Protected property\">original</span>: <span class=sf-dump-note>array:11</span> [ &#8230;11]
      #<span class=sf-dump-protected title=\"Protected property\">changes</span>: []
      #<span class=sf-dump-protected title=\"Protected property\">casts</span>: <span class=sf-dump-note>array:2</span> [ &#8230;2]
      #<span class=sf-dump-protected title=\"Protected property\">classCastCache</span>: []
      #<span class=sf-dump-protected title=\"Protected property\">attributeCastCache</span>: []
      #<span class=sf-dump-protected title=\"Protected property\">dateFormat</span>: <span class=sf-dump-const>null</span>
      #<span class=sf-dump-protected title=\"Protected property\">appends</span>: []
      #<span class=sf-dump-protected title=\"Protected property\">dispatchesEvents</span>: []
      #<span class=sf-dump-protected title=\"Protected property\">observables</span>: []
      #<span class=sf-dump-protected title=\"Protected property\">relations</span>: []
      #<span class=sf-dump-protected title=\"Protected property\">touches</span>: []
      +<span class=sf-dump-public title=\"Public property\">timestamps</span>: <span class=sf-dump-const>true</span>
      +<span class=sf-dump-public title=\"Public property\">usesUniqueIds</span>: <span class=sf-dump-const>false</span>
      #<span class=sf-dump-protected title=\"Protected property\">hidden</span>: []
      #<span class=sf-dump-protected title=\"Protected property\">visible</span>: []
      #<span class=sf-dump-protected title=\"Protected property\">fillable</span>: <span class=sf-dump-note>array:8</span> [ &#8230;8]
      #<span class=sf-dump-protected title=\"Protected property\">guarded</span>: <span class=sf-dump-note>array:1</span> [ &#8230;1]
    </samp>}
    <span class=sf-dump-index>2</span> => <span class=sf-dump-note title=\"App\\Models\\Categories
\"><span class=\"sf-dump-ellipsis sf-dump-ellipsis-note\">App\\Models</span><span class=\"sf-dump-ellipsis sf-dump-ellipsis-note\">\\</span>Categories</span> {<a class=sf-dump-ref>#1483</a><samp data-depth=3 class=sf-dump-compact>
      #<span class=sf-dump-protected title=\"Protected property\">connection</span>: \"<span class=sf-dump-str title=\"5 characters\">mysql</span>\"
      #<span class=sf-dump-protected title=\"Protected property\">table</span>: \"<span class=sf-dump-str title=\"10 characters\">categories</span>\"
      #<span class=sf-dump-protected title=\"Protected property\">primaryKey</span>: \"<span class=sf-dump-str title=\"2 characters\">id</span>\"
      #<span class=sf-dump-protected title=\"Protected property\">keyType</span>: \"<span class=sf-dump-str title=\"3 characters\">int</span>\"
      +<span class=sf-dump-public title=\"Public property\">incrementing</span>: <span class=sf-dump-const>true</span>
      #<span class=sf-dump-protected title=\"Protected property\">with</span>: []
      #<span class=sf-dump-protected title=\"Protected property\">withCount</span>: []
      +<span class=sf-dump-public title=\"Public property\">preventsLazyLoading</span>: <span class=sf-dump-const>false</span>
      #<span class=sf-dump-protected title=\"Protected property\">perPage</span>: <span class=sf-dump-num>15</span>
      +<span class=sf-dump-public title=\"Public property\">exists</span>: <span class=sf-dump-const>true</span>
      +<span class=sf-dump-public title=\"Public property\">wasRecentlyCreated</span>: <span class=sf-dump-const>false</span>
      #<span class=sf-dump-protected title=\"Protected property\">escapeWhenCastingToString</span>: <span class=sf-dump-const>false</span>
      #<span class=sf-dump-protected title=\"Protected property\">attributes</span>: <span class=sf-dump-note>array:11</span> [ &#8230;11]
      #<span class=sf-dump-protected title=\"Protected property\">original</span>: <span class=sf-dump-note>array:11</span> [ &#8230;11]
      #<span class=sf-dump-protected title=\"Protected property\">changes</span>: []
      #<span class=sf-dump-protected title=\"Protected property\">casts</span>: <span class=sf-dump-note>array:2</span> [ &#8230;2]
      #<span class=sf-dump-protected title=\"Protected property\">classCastCache</span>: []
      #<span class=sf-dump-protected title=\"Protected property\">attributeCastCache</span>: []
      #<span class=sf-dump-protected title=\"Protected property\">dateFormat</span>: <span class=sf-dump-const>null</span>
      #<span class=sf-dump-protected title=\"Protected property\">appends</span>: []
      #<span class=sf-dump-protected title=\"Protected property\">dispatchesEvents</span>: []
      #<span class=sf-dump-protected title=\"Protected property\">observables</span>: []
      #<span class=sf-dump-protected title=\"Protected property\">relations</span>: []
      #<span class=sf-dump-protected title=\"Protected property\">touches</span>: []
      +<span class=sf-dump-public title=\"Public property\">timestamps</span>: <span class=sf-dump-const>true</span>
      +<span class=sf-dump-public title=\"Public property\">usesUniqueIds</span>: <span class=sf-dump-const>false</span>
      #<span class=sf-dump-protected title=\"Protected property\">hidden</span>: []
      #<span class=sf-dump-protected title=\"Protected property\">visible</span>: []
      #<span class=sf-dump-protected title=\"Protected property\">fillable</span>: <span class=sf-dump-note>array:8</span> [ &#8230;8]
      #<span class=sf-dump-protected title=\"Protected property\">guarded</span>: <span class=sf-dump-note>array:1</span> [ &#8230;1]
    </samp>}
    <span class=sf-dump-index>3</span> => <span class=sf-dump-note title=\"App\\Models\\Categories
\"><span class=\"sf-dump-ellipsis sf-dump-ellipsis-note\">App\\Models</span><span class=\"sf-dump-ellipsis sf-dump-ellipsis-note\">\\</span>Categories</span> {<a class=sf-dump-ref>#1484</a><samp data-depth=3 class=sf-dump-compact>
      #<span class=sf-dump-protected title=\"Protected property\">connection</span>: \"<span class=sf-dump-str title=\"5 characters\">mysql</span>\"
      #<span class=sf-dump-protected title=\"Protected property\">table</span>: \"<span class=sf-dump-str title=\"10 characters\">categories</span>\"
      #<span class=sf-dump-protected title=\"Protected property\">primaryKey</span>: \"<span class=sf-dump-str title=\"2 characters\">id</span>\"
      #<span class=sf-dump-protected title=\"Protected property\">keyType</span>: \"<span class=sf-dump-str title=\"3 characters\">int</span>\"
      +<span class=sf-dump-public title=\"Public property\">incrementing</span>: <span class=sf-dump-const>true</span>
      #<span class=sf-dump-protected title=\"Protected property\">with</span>: []
      #<span class=sf-dump-protected title=\"Protected property\">withCount</span>: []
      +<span class=sf-dump-public title=\"Public property\">preventsLazyLoading</span>: <span class=sf-dump-const>false</span>
      #<span class=sf-dump-protected title=\"Protected property\">perPage</span>: <span class=sf-dump-num>15</span>
      +<span class=sf-dump-public title=\"Public property\">exists</span>: <span class=sf-dump-const>true</span>
      +<span class=sf-dump-public title=\"Public property\">wasRecentlyCreated</span>: <span class=sf-dump-const>false</span>
      #<span class=sf-dump-protected title=\"Protected property\">escapeWhenCastingToString</span>: <span class=sf-dump-const>false</span>
      #<span class=sf-dump-protected title=\"Protected property\">attributes</span>: <span class=sf-dump-note>array:11</span> [ &#8230;11]
      #<span class=sf-dump-protected title=\"Protected property\">original</span>: <span class=sf-dump-note>array:11</span> [ &#8230;11]
      #<span class=sf-dump-protected title=\"Protected property\">changes</span>: []
      #<span class=sf-dump-protected title=\"Protected property\">casts</span>: <span class=sf-dump-note>array:2</span> [ &#8230;2]
      #<span class=sf-dump-protected title=\"Protected property\">classCastCache</span>: []
      #<span class=sf-dump-protected title=\"Protected property\">attributeCastCache</span>: []
      #<span class=sf-dump-protected title=\"Protected property\">dateFormat</span>: <span class=sf-dump-const>null</span>
      #<span class=sf-dump-protected title=\"Protected property\">appends</span>: []
      #<span class=sf-dump-protected title=\"Protected property\">dispatchesEvents</span>: []
      #<span class=sf-dump-protected title=\"Protected property\">observables</span>: []
      #<span class=sf-dump-protected title=\"Protected property\">relations</span>: []
      #<span class=sf-dump-protected title=\"Protected property\">touches</span>: []
      +<span class=sf-dump-public title=\"Public property\">timestamps</span>: <span class=sf-dump-const>true</span>
      +<span class=sf-dump-public title=\"Public property\">usesUniqueIds</span>: <span class=sf-dump-const>false</span>
      #<span class=sf-dump-protected title=\"Protected property\">hidden</span>: []
      #<span class=sf-dump-protected title=\"Protected property\">visible</span>: []
      #<span class=sf-dump-protected title=\"Protected property\">fillable</span>: <span class=sf-dump-note>array:8</span> [ &#8230;8]
      #<span class=sf-dump-protected title=\"Protected property\">guarded</span>: <span class=sf-dump-note>array:1</span> [ &#8230;1]
    </samp>}
    <span class=sf-dump-index>4</span> => <span class=sf-dump-note title=\"App\\Models\\Categories
\"><span class=\"sf-dump-ellipsis sf-dump-ellipsis-note\">App\\Models</span><span class=\"sf-dump-ellipsis sf-dump-ellipsis-note\">\\</span>Categories</span> {<a class=sf-dump-ref>#1485</a><samp data-depth=3 class=sf-dump-compact>
      #<span class=sf-dump-protected title=\"Protected property\">connection</span>: \"<span class=sf-dump-str title=\"5 characters\">mysql</span>\"
      #<span class=sf-dump-protected title=\"Protected property\">table</span>: \"<span class=sf-dump-str title=\"10 characters\">categories</span>\"
      #<span class=sf-dump-protected title=\"Protected property\">primaryKey</span>: \"<span class=sf-dump-str title=\"2 characters\">id</span>\"
      #<span class=sf-dump-protected title=\"Protected property\">keyType</span>: \"<span class=sf-dump-str title=\"3 characters\">int</span>\"
      +<span class=sf-dump-public title=\"Public property\">incrementing</span>: <span class=sf-dump-const>true</span>
      #<span class=sf-dump-protected title=\"Protected property\">with</span>: []
      #<span class=sf-dump-protected title=\"Protected property\">withCount</span>: []
      +<span class=sf-dump-public title=\"Public property\">preventsLazyLoading</span>: <span class=sf-dump-const>false</span>
      #<span class=sf-dump-protected title=\"Protected property\">perPage</span>: <span class=sf-dump-num>15</span>
      +<span class=sf-dump-public title=\"Public property\">exists</span>: <span class=sf-dump-const>true</span>
      +<span class=sf-dump-public title=\"Public property\">wasRecentlyCreated</span>: <span class=sf-dump-const>false</span>
      #<span class=sf-dump-protected title=\"Protected property\">escapeWhenCastingToString</span>: <span class=sf-dump-const>false</span>
      #<span class=sf-dump-protected title=\"Protected property\">attributes</span>: <span class=sf-dump-note>array:11</span> [ &#8230;11]
      #<span class=sf-dump-protected title=\"Protected property\">original</span>: <span class=sf-dump-note>array:11</span> [ &#8230;11]
      #<span class=sf-dump-protected title=\"Protected property\">changes</span>: []
      #<span class=sf-dump-protected title=\"Protected property\">casts</span>: <span class=sf-dump-note>array:2</span> [ &#8230;2]
      #<span class=sf-dump-protected title=\"Protected property\">classCastCache</span>: []
      #<span class=sf-dump-protected title=\"Protected property\">attributeCastCache</span>: []
      #<span class=sf-dump-protected title=\"Protected property\">dateFormat</span>: <span class=sf-dump-const>null</span>
      #<span class=sf-dump-protected title=\"Protected property\">appends</span>: []
      #<span class=sf-dump-protected title=\"Protected property\">dispatchesEvents</span>: []
      #<span class=sf-dump-protected title=\"Protected property\">observables</span>: []
      #<span class=sf-dump-protected title=\"Protected property\">relations</span>: []
      #<span class=sf-dump-protected title=\"Protected property\">touches</span>: []
      +<span class=sf-dump-public title=\"Public property\">timestamps</span>: <span class=sf-dump-const>true</span>
      +<span class=sf-dump-public title=\"Public property\">usesUniqueIds</span>: <span class=sf-dump-const>false</span>
      #<span class=sf-dump-protected title=\"Protected property\">hidden</span>: []
      #<span class=sf-dump-protected title=\"Protected property\">visible</span>: []
      #<span class=sf-dump-protected title=\"Protected property\">fillable</span>: <span class=sf-dump-note>array:8</span> [ &#8230;8]
      #<span class=sf-dump-protected title=\"Protected property\">guarded</span>: <span class=sf-dump-note>array:1</span> [ &#8230;1]
    </samp>}
    <span class=sf-dump-index>5</span> => <span class=sf-dump-note title=\"App\\Models\\Categories
\"><span class=\"sf-dump-ellipsis sf-dump-ellipsis-note\">App\\Models</span><span class=\"sf-dump-ellipsis sf-dump-ellipsis-note\">\\</span>Categories</span> {<a class=sf-dump-ref>#1486</a><samp data-depth=3 class=sf-dump-compact>
      #<span class=sf-dump-protected title=\"Protected property\">connection</span>: \"<span class=sf-dump-str title=\"5 characters\">mysql</span>\"
      #<span class=sf-dump-protected title=\"Protected property\">table</span>: \"<span class=sf-dump-str title=\"10 characters\">categories</span>\"
      #<span class=sf-dump-protected title=\"Protected property\">primaryKey</span>: \"<span class=sf-dump-str title=\"2 characters\">id</span>\"
      #<span class=sf-dump-protected title=\"Protected property\">keyType</span>: \"<span class=sf-dump-str title=\"3 characters\">int</span>\"
      +<span class=sf-dump-public title=\"Public property\">incrementing</span>: <span class=sf-dump-const>true</span>
      #<span class=sf-dump-protected title=\"Protected property\">with</span>: []
      #<span class=sf-dump-protected title=\"Protected property\">withCount</span>: []
      +<span class=sf-dump-public title=\"Public property\">preventsLazyLoading</span>: <span class=sf-dump-const>false</span>
      #<span class=sf-dump-protected title=\"Protected property\">perPage</span>: <span class=sf-dump-num>15</span>
      +<span class=sf-dump-public title=\"Public property\">exists</span>: <span class=sf-dump-const>true</span>
      +<span class=sf-dump-public title=\"Public property\">wasRecentlyCreated</span>: <span class=sf-dump-const>false</span>
      #<span class=sf-dump-protected title=\"Protected property\">escapeWhenCastingToString</span>: <span class=sf-dump-const>false</span>
      #<span class=sf-dump-protected title=\"Protected property\">attributes</span>: <span class=sf-dump-note>array:11</span> [ &#8230;11]
      #<span class=sf-dump-protected title=\"Protected property\">original</span>: <span class=sf-dump-note>array:11</span> [ &#8230;11]
      #<span class=sf-dump-protected title=\"Protected property\">changes</span>: []
      #<span class=sf-dump-protected title=\"Protected property\">casts</span>: <span class=sf-dump-note>array:2</span> [ &#8230;2]
      #<span class=sf-dump-protected title=\"Protected property\">classCastCache</span>: []
      #<span class=sf-dump-protected title=\"Protected property\">attributeCastCache</span>: []
      #<span class=sf-dump-protected title=\"Protected property\">dateFormat</span>: <span class=sf-dump-const>null</span>
      #<span class=sf-dump-protected title=\"Protected property\">appends</span>: []
      #<span class=sf-dump-protected title=\"Protected property\">dispatchesEvents</span>: []
      #<span class=sf-dump-protected title=\"Protected property\">observables</span>: []
      #<span class=sf-dump-protected title=\"Protected property\">relations</span>: []
      #<span class=sf-dump-protected title=\"Protected property\">touches</span>: []
      +<span class=sf-dump-public title=\"Public property\">timestamps</span>: <span class=sf-dump-const>true</span>
      +<span class=sf-dump-public title=\"Public property\">usesUniqueIds</span>: <span class=sf-dump-const>false</span>
      #<span class=sf-dump-protected title=\"Protected property\">hidden</span>: []
      #<span class=sf-dump-protected title=\"Protected property\">visible</span>: []
      #<span class=sf-dump-protected title=\"Protected property\">fillable</span>: <span class=sf-dump-note>array:8</span> [ &#8230;8]
      #<span class=sf-dump-protected title=\"Protected property\">guarded</span>: <span class=sf-dump-note>array:1</span> [ &#8230;1]
    </samp>}
    <span class=sf-dump-index>6</span> => <span class=sf-dump-note title=\"App\\Models\\Categories
\"><span class=\"sf-dump-ellipsis sf-dump-ellipsis-note\">App\\Models</span><span class=\"sf-dump-ellipsis sf-dump-ellipsis-note\">\\</span>Categories</span> {<a class=sf-dump-ref>#1487</a><samp data-depth=3 class=sf-dump-compact>
      #<span class=sf-dump-protected title=\"Protected property\">connection</span>: \"<span class=sf-dump-str title=\"5 characters\">mysql</span>\"
      #<span class=sf-dump-protected title=\"Protected property\">table</span>: \"<span class=sf-dump-str title=\"10 characters\">categories</span>\"
      #<span class=sf-dump-protected title=\"Protected property\">primaryKey</span>: \"<span class=sf-dump-str title=\"2 characters\">id</span>\"
      #<span class=sf-dump-protected title=\"Protected property\">keyType</span>: \"<span class=sf-dump-str title=\"3 characters\">int</span>\"
      +<span class=sf-dump-public title=\"Public property\">incrementing</span>: <span class=sf-dump-const>true</span>
      #<span class=sf-dump-protected title=\"Protected property\">with</span>: []
      #<span class=sf-dump-protected title=\"Protected property\">withCount</span>: []
      +<span class=sf-dump-public title=\"Public property\">preventsLazyLoading</span>: <span class=sf-dump-const>false</span>
      #<span class=sf-dump-protected title=\"Protected property\">perPage</span>: <span class=sf-dump-num>15</span>
      +<span class=sf-dump-public title=\"Public property\">exists</span>: <span class=sf-dump-const>true</span>
      +<span class=sf-dump-public title=\"Public property\">wasRecentlyCreated</span>: <span class=sf-dump-const>false</span>
      #<span class=sf-dump-protected title=\"Protected property\">escapeWhenCastingToString</span>: <span class=sf-dump-const>false</span>
      #<span class=sf-dump-protected title=\"Protected property\">attributes</span>: <span class=sf-dump-note>array:11</span> [ &#8230;11]
      #<span class=sf-dump-protected title=\"Protected property\">original</span>: <span class=sf-dump-note>array:11</span> [ &#8230;11]
      #<span class=sf-dump-protected title=\"Protected property\">changes</span>: []
      #<span class=sf-dump-protected title=\"Protected property\">casts</span>: <span class=sf-dump-note>array:2</span> [ &#8230;2]
      #<span class=sf-dump-protected title=\"Protected property\">classCastCache</span>: []
      #<span class=sf-dump-protected title=\"Protected property\">attributeCastCache</span>: []
      #<span class=sf-dump-protected title=\"Protected property\">dateFormat</span>: <span class=sf-dump-const>null</span>
      #<span class=sf-dump-protected title=\"Protected property\">appends</span>: []
      #<span class=sf-dump-protected title=\"Protected property\">dispatchesEvents</span>: []
      #<span class=sf-dump-protected title=\"Protected property\">observables</span>: []
      #<span class=sf-dump-protected title=\"Protected property\">relations</span>: []
      #<span class=sf-dump-protected title=\"Protected property\">touches</span>: []
      +<span class=sf-dump-public title=\"Public property\">timestamps</span>: <span class=sf-dump-const>true</span>
      +<span class=sf-dump-public title=\"Public property\">usesUniqueIds</span>: <span class=sf-dump-const>false</span>
      #<span class=sf-dump-protected title=\"Protected property\">hidden</span>: []
      #<span class=sf-dump-protected title=\"Protected property\">visible</span>: []
      #<span class=sf-dump-protected title=\"Protected property\">fillable</span>: <span class=sf-dump-note>array:8</span> [ &#8230;8]
      #<span class=sf-dump-protected title=\"Protected property\">guarded</span>: <span class=sf-dump-note>array:1</span> [ &#8230;1]
    </samp>}
  </samp>]
  #<span class=sf-dump-protected title=\"Protected property\">escapeWhenCastingToString</span>: <span class=sf-dump-const>false</span>
</samp>}
</pre><script>Sfdump(\"sf-dump-1514073315\", {\"maxDepth\":3,\"maxStringLength\":160})</script>
"}},"userId":1,"exception":"[object] (Spatie\\LaravelIgnition\\Exceptions\\ViewException(code: 0): json_decode(): Argument #1 ($json) must be of type string, array given at /Users/Shared/dự án /hostist-vps/resources/views/source/admin/categories/index.blade.php:244)
[stacktrace]
#0 /Users/Shared/dự án /hostist-vps/vendor/laravel/framework/src/Illuminate/Filesystem/Filesystem.php(123): require('/Users/Shared/d...')
#1 /Users/Shared/dự án /hostist-vps/vendor/laravel/framework/src/Illuminate/Filesystem/Filesystem.php(124): Illuminate\\Filesystem\\Filesystem::Illuminate\\Filesystem\\{closure}()
#2 /Users/Shared/dự án /hostist-vps/vendor/laravel/framework/src/Illuminate/View/Engines/PhpEngine.php(58): Illuminate\\Filesystem\\Filesystem->getRequire('/Users/Shared/d...', Array)
#3 /Users/Shared/dự án /hostist-vps/vendor/laravel/framework/src/Illuminate/View/Engines/CompilerEngine.php(72): Illuminate\\View\\Engines\\PhpEngine->evaluatePath('/Users/Shared/d...', Array)
#4 /Users/Shared/dự án /hostist-vps/vendor/laravel/framework/src/Illuminate/View/View.php(207): Illuminate\\View\\Engines\\CompilerEngine->get('/Users/Shared/d...', Array)
#5 /Users/Shared/dự án /hostist-vps/vendor/laravel/framework/src/Illuminate/View/View.php(190): Illuminate\\View\\View->getContents()
#6 /Users/Shared/dự án /hostist-vps/vendor/laravel/framework/src/Illuminate/View/View.php(159): Illuminate\\View\\View->renderContents()
#7 /Users/Shared/dự án /hostist-vps/vendor/laravel/framework/src/Illuminate/Http/Response.php(69): Illuminate\\View\\View->render()
#8 /Users/Shared/dự án /hostist-vps/vendor/laravel/framework/src/Illuminate/Http/Response.php(35): Illuminate\\Http\\Response->setContent(Object(Illuminate\\View\\View))
#9 /Users/Shared/dự án /hostist-vps/vendor/laravel/framework/src/Illuminate/Routing/Router.php(918): Illuminate\\Http\\Response->__construct(Object(Illuminate\\View\\View), 200, Array)
#10 /Users/Shared/dự án /hostist-vps/vendor/laravel/framework/src/Illuminate/Routing/Router.php(885): Illuminate\\Routing\\Router::toResponse(Object(Illuminate\\Http\\Request), Object(Illuminate\\View\\View))
#11 /Users/Shared/dự án /hostist-vps/vendor/laravel/framework/src/Illuminate/Routing/Router.php(805): Illuminate\\Routing\\Router->prepareResponse(Object(Illuminate\\Http\\Request), Object(Illuminate\\View\\View))
#12 /Users/Shared/dự án /hostist-vps/vendor/laravel/framework/src/Illuminate/Pipeline/Pipeline.php(144): Illuminate\\Routing\\Router->Illuminate\\Routing\\{closure}(Object(Illuminate\\Http\\Request))
#13 /Users/Shared/dự án /hostist-vps/app/Http/Middleware/AdminMiddleware.php(21): Illuminate\\Pipeline\\Pipeline->Illuminate\\Pipeline\\{closure}(Object(Illuminate\\Http\\Request))
#14 /Users/Shared/dự án /hostist-vps/vendor/laravel/framework/src/Illuminate/Pipeline/Pipeline.php(183): App\\Http\\Middleware\\AdminMiddleware->handle(Object(Illuminate\\Http\\Request), Object(Closure))
#15 /Users/Shared/dự án /hostist-vps/vendor/laravel/framework/src/Illuminate/Routing/Middleware/SubstituteBindings.php(50): Illuminate\\Pipeline\\Pipeline->Illuminate\\Pipeline\\{closure}(Object(Illuminate\\Http\\Request))
#16 /Users/Shared/dự án /hostist-vps/vendor/laravel/framework/src/Illuminate/Pipeline/Pipeline.php(183): Illuminate\\Routing\\Middleware\\SubstituteBindings->handle(Object(Illuminate\\Http\\Request), Object(Closure))
#17 /Users/Shared/dự án /hostist-vps/vendor/laravel/framework/src/Illuminate/Auth/Middleware/Authenticate.php(57): Illuminate\\Pipeline\\Pipeline->Illuminate\\Pipeline\\{closure}(Object(Illuminate\\Http\\Request))
#18 /Users/Shared/dự án /hostist-vps/vendor/laravel/framework/src/Illuminate/Pipeline/Pipeline.php(183): Illuminate\\Auth\\Middleware\\Authenticate->handle(Object(Illuminate\\Http\\Request), Object(Closure))
#19 /Users/Shared/dự án /hostist-vps/vendor/laravel/framework/src/Illuminate/Foundation/Http/Middleware/VerifyCsrfToken.php(78): Illuminate\\Pipeline\\Pipeline->Illuminate\\Pipeline\\{closure}(Object(Illuminate\\Http\\Request))
#20 /Users/Shared/dự án /hostist-vps/vendor/laravel/framework/src/Illuminate/Pipeline/Pipeline.php(183): Illuminate\\Foundation\\Http\\Middleware\\VerifyCsrfToken->handle(Object(Illuminate\\Http\\Request), Object(Closure))
#21 /Users/Shared/dự án /hostist-vps/vendor/laravel/framework/src/Illuminate/View/Middleware/ShareErrorsFromSession.php(49): Illuminate\\Pipeline\\Pipeline->Illuminate\\Pipeline\\{closure}(Object(Illuminate\\Http\\Request))
#22 /Users/Shared/dự án /hostist-vps/vendor/laravel/framework/src/Illuminate/Pipeline/Pipeline.php(183): Illuminate\\View\\Middleware\\ShareErrorsFromSession->handle(Object(Illuminate\\Http\\Request), Object(Closure))
#23 /Users/Shared/dự án /hostist-vps/vendor/laravel/framework/src/Illuminate/Session/Middleware/StartSession.php(121): Illuminate\\Pipeline\\Pipeline->Illuminate\\Pipeline\\{closure}(Object(Illuminate\\Http\\Request))
#24 /Users/Shared/dự án /hostist-vps/vendor/laravel/framework/src/Illuminate/Session/Middleware/StartSession.php(64): Illuminate\\Session\\Middleware\\StartSession->handleStatefulRequest(Object(Illuminate\\Http\\Request), Object(Illuminate\\Session\\Store), Object(Closure))
#25 /Users/Shared/dự án /hostist-vps/vendor/laravel/framework/src/Illuminate/Pipeline/Pipeline.php(183): Illuminate\\Session\\Middleware\\StartSession->handle(Object(Illuminate\\Http\\Request), Object(Closure))
#26 /Users/Shared/dự án /hostist-vps/vendor/laravel/framework/src/Illuminate/Cookie/Middleware/AddQueuedCookiesToResponse.php(37): Illuminate\\Pipeline\\Pipeline->Illuminate\\Pipeline\\{closure}(Object(Illuminate\\Http\\Request))
#27 /Users/Shared/dự án /hostist-vps/vendor/laravel/framework/src/Illuminate/Pipeline/Pipeline.php(183): Illuminate\\Cookie\\Middleware\\AddQueuedCookiesToResponse->handle(Object(Illuminate\\Http\\Request), Object(Closure))
#28 /Users/Shared/dự án /hostist-vps/vendor/laravel/framework/src/Illuminate/Cookie/Middleware/EncryptCookies.php(67): Illuminate\\Pipeline\\Pipeline->Illuminate\\Pipeline\\{closure}(Object(Illuminate\\Http\\Request))
#29 /Users/Shared/dự án /hostist-vps/vendor/laravel/framework/src/Illuminate/Pipeline/Pipeline.php(183): Illuminate\\Cookie\\Middleware\\EncryptCookies->handle(Object(Illuminate\\Http\\Request), Object(Closure))
#30 /Users/Shared/dự án /hostist-vps/vendor/laravel/framework/src/Illuminate/Pipeline/Pipeline.php(119): Illuminate\\Pipeline\\Pipeline->Illuminate\\Pipeline\\{closure}(Object(Illuminate\\Http\\Request))
#31 /Users/Shared/dự án /hostist-vps/vendor/laravel/framework/src/Illuminate/Routing/Router.php(805): Illuminate\\Pipeline\\Pipeline->then(Object(Closure))
#32 /Users/Shared/dự án /hostist-vps/vendor/laravel/framework/src/Illuminate/Routing/Router.php(784): Illuminate\\Routing\\Router->runRouteWithinStack(Object(Illuminate\\Routing\\Route), Object(Illuminate\\Http\\Request))
#33 /Users/Shared/dự án /hostist-vps/vendor/laravel/framework/src/Illuminate/Routing/Router.php(748): Illuminate\\Routing\\Router->runRoute(Object(Illuminate\\Http\\Request), Object(Illuminate\\Routing\\Route))
#34 /Users/Shared/dự án /hostist-vps/vendor/laravel/framework/src/Illuminate/Routing/Router.php(737): Illuminate\\Routing\\Router->dispatchToRoute(Object(Illuminate\\Http\\Request))
#35 /Users/Shared/dự án /hostist-vps/vendor/laravel/framework/src/Illuminate/Foundation/Http/Kernel.php(200): Illuminate\\Routing\\Router->dispatch(Object(Illuminate\\Http\\Request))
#36 /Users/Shared/dự án /hostist-vps/vendor/laravel/framework/src/Illuminate/Pipeline/Pipeline.php(144): Illuminate\\Foundation\\Http\\Kernel->Illuminate\\Foundation\\Http\\{closure}(Object(Illuminate\\Http\\Request))
#37 /Users/Shared/dự án /hostist-vps/vendor/laravel/framework/src/Illuminate/Foundation/Http/Middleware/TransformsRequest.php(21): Illuminate\\Pipeline\\Pipeline->Illuminate\\Pipeline\\{closure}(Object(Illuminate\\Http\\Request))
#38 /Users/Shared/dự án /hostist-vps/vendor/laravel/framework/src/Illuminate/Foundation/Http/Middleware/ConvertEmptyStringsToNull.php(31): Illuminate\\Foundation\\Http\\Middleware\\TransformsRequest->handle(Object(Illuminate\\Http\\Request), Object(Closure))
#39 /Users/Shared/dự án /hostist-vps/vendor/laravel/framework/src/Illuminate/Pipeline/Pipeline.php(183): Illuminate\\Foundation\\Http\\Middleware\\ConvertEmptyStringsToNull->handle(Object(Illuminate\\Http\\Request), Object(Closure))
#40 /Users/Shared/dự án /hostist-vps/vendor/laravel/framework/src/Illuminate/Foundation/Http/Middleware/TransformsRequest.php(21): Illuminate\\Pipeline\\Pipeline->Illuminate\\Pipeline\\{closure}(Object(Illuminate\\Http\\Request))
#41 /Users/Shared/dự án /hostist-vps/vendor/laravel/framework/src/Illuminate/Foundation/Http/Middleware/TrimStrings.php(40): Illuminate\\Foundation\\Http\\Middleware\\TransformsRequest->handle(Object(Illuminate\\Http\\Request), Object(Closure))
#42 /Users/Shared/dự án /hostist-vps/vendor/laravel/framework/src/Illuminate/Pipeline/Pipeline.php(183): Illuminate\\Foundation\\Http\\Middleware\\TrimStrings->handle(Object(Illuminate\\Http\\Request), Object(Closure))
#43 /Users/Shared/dự án /hostist-vps/vendor/laravel/framework/src/Illuminate/Foundation/Http/Middleware/ValidatePostSize.php(27): Illuminate\\Pipeline\\Pipeline->Illuminate\\Pipeline\\{closure}(Object(Illuminate\\Http\\Request))
#44 /Users/Shared/dự án /hostist-vps/vendor/laravel/framework/src/Illuminate/Pipeline/Pipeline.php(183): Illuminate\\Foundation\\Http\\Middleware\\ValidatePostSize->handle(Object(Illuminate\\Http\\Request), Object(Closure))
#45 /Users/Shared/dự án /hostist-vps/vendor/laravel/framework/src/Illuminate/Foundation/Http/Middleware/PreventRequestsDuringMaintenance.php(99): Illuminate\\Pipeline\\Pipeline->Illuminate\\Pipeline\\{closure}(Object(Illuminate\\Http\\Request))
#46 /Users/Shared/dự án /hostist-vps/vendor/laravel/framework/src/Illuminate/Pipeline/Pipeline.php(183): Illuminate\\Foundation\\Http\\Middleware\\PreventRequestsDuringMaintenance->handle(Object(Illuminate\\Http\\Request), Object(Closure))
#47 /Users/Shared/dự án /hostist-vps/vendor/laravel/framework/src/Illuminate/Http/Middleware/HandleCors.php(49): Illuminate\\Pipeline\\Pipeline->Illuminate\\Pipeline\\{closure}(Object(Illuminate\\Http\\Request))
#48 /Users/Shared/dự án /hostist-vps/vendor/laravel/framework/src/Illuminate/Pipeline/Pipeline.php(183): Illuminate\\Http\\Middleware\\HandleCors->handle(Object(Illuminate\\Http\\Request), Object(Closure))
#49 /Users/Shared/dự án /hostist-vps/vendor/laravel/framework/src/Illuminate/Http/Middleware/TrustProxies.php(39): Illuminate\\Pipeline\\Pipeline->Illuminate\\Pipeline\\{closure}(Object(Illuminate\\Http\\Request))
#50 /Users/Shared/dự án /hostist-vps/vendor/laravel/framework/src/Illuminate/Pipeline/Pipeline.php(183): Illuminate\\Http\\Middleware\\TrustProxies->handle(Object(Illuminate\\Http\\Request), Object(Closure))
#51 /Users/Shared/dự án /hostist-vps/vendor/laravel/framework/src/Illuminate/Pipeline/Pipeline.php(119): Illuminate\\Pipeline\\Pipeline->Illuminate\\Pipeline\\{closure}(Object(Illuminate\\Http\\Request))
#52 /Users/Shared/dự án /hostist-vps/vendor/laravel/framework/src/Illuminate/Foundation/Http/Kernel.php(175): Illuminate\\Pipeline\\Pipeline->then(Object(Closure))
#53 /Users/Shared/dự án /hostist-vps/vendor/laravel/framework/src/Illuminate/Foundation/Http/Kernel.php(144): Illuminate\\Foundation\\Http\\Kernel->sendRequestThroughRouter(Object(Illuminate\\Http\\Request))
#54 /Users/Shared/dự án /hostist-vps/public/index.php(51): Illuminate\\Foundation\\Http\\Kernel->handle(Object(Illuminate\\Http\\Request))
#55 /Users/Shared/dự án /hostist-vps/vendor/laravel/framework/src/Illuminate/Foundation/resources/server.php(16): require_once('/Users/Shared/d...')
#56 {main}

[previous exception] [object] (TypeError(code: 0): json_decode(): Argument #1 ($json) must be of type string, array given at /Users/Shared/dự án /hostist-vps/storage/framework/views/8e7338816500e815e2e37d515594a862.php:344)
[stacktrace]
#0 /Users/Shared/dự án /hostist-vps/storage/framework/views/8e7338816500e815e2e37d515594a862.php(344): json_decode(Array, true)
#1 /Users/Shared/dự án /hostist-vps/vendor/laravel/framework/src/Illuminate/Filesystem/Filesystem.php(123): require('/Users/Shared/d...')
#2 /Users/Shared/dự án /hostist-vps/vendor/laravel/framework/src/Illuminate/Filesystem/Filesystem.php(124): Illuminate\\Filesystem\\Filesystem::Illuminate\\Filesystem\\{closure}()
#3 /Users/Shared/dự án /hostist-vps/vendor/laravel/framework/src/Illuminate/View/Engines/PhpEngine.php(58): Illuminate\\Filesystem\\Filesystem->getRequire('/Users/Shared/d...', Array)
#4 /Users/Shared/dự án /hostist-vps/vendor/laravel/framework/src/Illuminate/View/Engines/CompilerEngine.php(72): Illuminate\\View\\Engines\\PhpEngine->evaluatePath('/Users/Shared/d...', Array)
#5 /Users/Shared/dự án /hostist-vps/vendor/laravel/framework/src/Illuminate/View/View.php(207): Illuminate\\View\\Engines\\CompilerEngine->get('/Users/Shared/d...', Array)
#6 /Users/Shared/dự án /hostist-vps/vendor/laravel/framework/src/Illuminate/View/View.php(190): Illuminate\\View\\View->getContents()
#7 /Users/Shared/dự án /hostist-vps/vendor/laravel/framework/src/Illuminate/View/View.php(159): Illuminate\\View\\View->renderContents()
#8 /Users/Shared/dự án /hostist-vps/vendor/laravel/framework/src/Illuminate/Http/Response.php(69): Illuminate\\View\\View->render()
#9 /Users/Shared/dự án /hostist-vps/vendor/laravel/framework/src/Illuminate/Http/Response.php(35): Illuminate\\Http\\Response->setContent(Object(Illuminate\\View\\View))
#10 /Users/Shared/dự án /hostist-vps/vendor/laravel/framework/src/Illuminate/Routing/Router.php(918): Illuminate\\Http\\Response->__construct(Object(Illuminate\\View\\View), 200, Array)
#11 /Users/Shared/dự án /hostist-vps/vendor/laravel/framework/src/Illuminate/Routing/Router.php(885): Illuminate\\Routing\\Router::toResponse(Object(Illuminate\\Http\\Request), Object(Illuminate\\View\\View))
#12 /Users/Shared/dự án /hostist-vps/vendor/laravel/framework/src/Illuminate/Routing/Router.php(805): Illuminate\\Routing\\Router->prepareResponse(Object(Illuminate\\Http\\Request), Object(Illuminate\\View\\View))
#13 /Users/Shared/dự án /hostist-vps/vendor/laravel/framework/src/Illuminate/Pipeline/Pipeline.php(144): Illuminate\\Routing\\Router->Illuminate\\Routing\\{closure}(Object(Illuminate\\Http\\Request))
#14 /Users/Shared/dự án /hostist-vps/app/Http/Middleware/AdminMiddleware.php(21): Illuminate\\Pipeline\\Pipeline->Illuminate\\Pipeline\\{closure}(Object(Illuminate\\Http\\Request))
#15 /Users/Shared/dự án /hostist-vps/vendor/laravel/framework/src/Illuminate/Pipeline/Pipeline.php(183): App\\Http\\Middleware\\AdminMiddleware->handle(Object(Illuminate\\Http\\Request), Object(Closure))
#16 /Users/Shared/dự án /hostist-vps/vendor/laravel/framework/src/Illuminate/Routing/Middleware/SubstituteBindings.php(50): Illuminate\\Pipeline\\Pipeline->Illuminate\\Pipeline\\{closure}(Object(Illuminate\\Http\\Request))
#17 /Users/Shared/dự án /hostist-vps/vendor/laravel/framework/src/Illuminate/Pipeline/Pipeline.php(183): Illuminate\\Routing\\Middleware\\SubstituteBindings->handle(Object(Illuminate\\Http\\Request), Object(Closure))
#18 /Users/Shared/dự án /hostist-vps/vendor/laravel/framework/src/Illuminate/Auth/Middleware/Authenticate.php(57): Illuminate\\Pipeline\\Pipeline->Illuminate\\Pipeline\\{closure}(Object(Illuminate\\Http\\Request))
#19 /Users/Shared/dự án /hostist-vps/vendor/laravel/framework/src/Illuminate/Pipeline/Pipeline.php(183): Illuminate\\Auth\\Middleware\\Authenticate->handle(Object(Illuminate\\Http\\Request), Object(Closure))
#20 /Users/Shared/dự án /hostist-vps/vendor/laravel/framework/src/Illuminate/Foundation/Http/Middleware/VerifyCsrfToken.php(78): Illuminate\\Pipeline\\Pipeline->Illuminate\\Pipeline\\{closure}(Object(Illuminate\\Http\\Request))
#21 /Users/Shared/dự án /hostist-vps/vendor/laravel/framework/src/Illuminate/Pipeline/Pipeline.php(183): Illuminate\\Foundation\\Http\\Middleware\\VerifyCsrfToken->handle(Object(Illuminate\\Http\\Request), Object(Closure))
#22 /Users/Shared/dự án /hostist-vps/vendor/laravel/framework/src/Illuminate/View/Middleware/ShareErrorsFromSession.php(49): Illuminate\\Pipeline\\Pipeline->Illuminate\\Pipeline\\{closure}(Object(Illuminate\\Http\\Request))
#23 /Users/Shared/dự án /hostist-vps/vendor/laravel/framework/src/Illuminate/Pipeline/Pipeline.php(183): Illuminate\\View\\Middleware\\ShareErrorsFromSession->handle(Object(Illuminate\\Http\\Request), Object(Closure))
#24 /Users/Shared/dự án /hostist-vps/vendor/laravel/framework/src/Illuminate/Session/Middleware/StartSession.php(121): Illuminate\\Pipeline\\Pipeline->Illuminate\\Pipeline\\{closure}(Object(Illuminate\\Http\\Request))
#25 /Users/Shared/dự án /hostist-vps/vendor/laravel/framework/src/Illuminate/Session/Middleware/StartSession.php(64): Illuminate\\Session\\Middleware\\StartSession->handleStatefulRequest(Object(Illuminate\\Http\\Request), Object(Illuminate\\Session\\Store), Object(Closure))
#26 /Users/Shared/dự án /hostist-vps/vendor/laravel/framework/src/Illuminate/Pipeline/Pipeline.php(183): Illuminate\\Session\\Middleware\\StartSession->handle(Object(Illuminate\\Http\\Request), Object(Closure))
#27 /Users/Shared/dự án /hostist-vps/vendor/laravel/framework/src/Illuminate/Cookie/Middleware/AddQueuedCookiesToResponse.php(37): Illuminate\\Pipeline\\Pipeline->Illuminate\\Pipeline\\{closure}(Object(Illuminate\\Http\\Request))
#28 /Users/Shared/dự án /hostist-vps/vendor/laravel/framework/src/Illuminate/Pipeline/Pipeline.php(183): Illuminate\\Cookie\\Middleware\\AddQueuedCookiesToResponse->handle(Object(Illuminate\\Http\\Request), Object(Closure))
#29 /Users/Shared/dự án /hostist-vps/vendor/laravel/framework/src/Illuminate/Cookie/Middleware/EncryptCookies.php(67): Illuminate\\Pipeline\\Pipeline->Illuminate\\Pipeline\\{closure}(Object(Illuminate\\Http\\Request))
#30 /Users/Shared/dự án /hostist-vps/vendor/laravel/framework/src/Illuminate/Pipeline/Pipeline.php(183): Illuminate\\Cookie\\Middleware\\EncryptCookies->handle(Object(Illuminate\\Http\\Request), Object(Closure))
#31 /Users/Shared/dự án /hostist-vps/vendor/laravel/framework/src/Illuminate/Pipeline/Pipeline.php(119): Illuminate\\Pipeline\\Pipeline->Illuminate\\Pipeline\\{closure}(Object(Illuminate\\Http\\Request))
#32 /Users/Shared/dự án /hostist-vps/vendor/laravel/framework/src/Illuminate/Routing/Router.php(805): Illuminate\\Pipeline\\Pipeline->then(Object(Closure))
#33 /Users/Shared/dự án /hostist-vps/vendor/laravel/framework/src/Illuminate/Routing/Router.php(784): Illuminate\\Routing\\Router->runRouteWithinStack(Object(Illuminate\\Routing\\Route), Object(Illuminate\\Http\\Request))
#34 /Users/Shared/dự án /hostist-vps/vendor/laravel/framework/src/Illuminate/Routing/Router.php(748): Illuminate\\Routing\\Router->runRoute(Object(Illuminate\\Http\\Request), Object(Illuminate\\Routing\\Route))
#35 /Users/Shared/dự án /hostist-vps/vendor/laravel/framework/src/Illuminate/Routing/Router.php(737): Illuminate\\Routing\\Router->dispatchToRoute(Object(Illuminate\\Http\\Request))
#36 /Users/Shared/dự án /hostist-vps/vendor/laravel/framework/src/Illuminate/Foundation/Http/Kernel.php(200): Illuminate\\Routing\\Router->dispatch(Object(Illuminate\\Http\\Request))
#37 /Users/Shared/dự án /hostist-vps/vendor/laravel/framework/src/Illuminate/Pipeline/Pipeline.php(144): Illuminate\\Foundation\\Http\\Kernel->Illuminate\\Foundation\\Http\\{closure}(Object(Illuminate\\Http\\Request))
#38 /Users/Shared/dự án /hostist-vps/vendor/laravel/framework/src/Illuminate/Foundation/Http/Middleware/TransformsRequest.php(21): Illuminate\\Pipeline\\Pipeline->Illuminate\\Pipeline\\{closure}(Object(Illuminate\\Http\\Request))
#39 /Users/Shared/dự án /hostist-vps/vendor/laravel/framework/src/Illuminate/Foundation/Http/Middleware/ConvertEmptyStringsToNull.php(31): Illuminate\\Foundation\\Http\\Middleware\\TransformsRequest->handle(Object(Illuminate\\Http\\Request), Object(Closure))
#40 /Users/Shared/dự án /hostist-vps/vendor/laravel/framework/src/Illuminate/Pipeline/Pipeline.php(183): Illuminate\\Foundation\\Http\\Middleware\\ConvertEmptyStringsToNull->handle(Object(Illuminate\\Http\\Request), Object(Closure))
#41 /Users/Shared/dự án /hostist-vps/vendor/laravel/framework/src/Illuminate/Foundation/Http/Middleware/TransformsRequest.php(21): Illuminate\\Pipeline\\Pipeline->Illuminate\\Pipeline\\{closure}(Object(Illuminate\\Http\\Request))
#42 /Users/Shared/dự án /hostist-vps/vendor/laravel/framework/src/Illuminate/Foundation/Http/Middleware/TrimStrings.php(40): Illuminate\\Foundation\\Http\\Middleware\\TransformsRequest->handle(Object(Illuminate\\Http\\Request), Object(Closure))
#43 /Users/Shared/dự án /hostist-vps/vendor/laravel/framework/src/Illuminate/Pipeline/Pipeline.php(183): Illuminate\\Foundation\\Http\\Middleware\\TrimStrings->handle(Object(Illuminate\\Http\\Request), Object(Closure))
#44 /Users/Shared/dự án /hostist-vps/vendor/laravel/framework/src/Illuminate/Foundation/Http/Middleware/ValidatePostSize.php(27): Illuminate\\Pipeline\\Pipeline->Illuminate\\Pipeline\\{closure}(Object(Illuminate\\Http\\Request))
#45 /Users/Shared/dự án /hostist-vps/vendor/laravel/framework/src/Illuminate/Pipeline/Pipeline.php(183): Illuminate\\Foundation\\Http\\Middleware\\ValidatePostSize->handle(Object(Illuminate\\Http\\Request), Object(Closure))
#46 /Users/Shared/dự án /hostist-vps/vendor/laravel/framework/src/Illuminate/Foundation/Http/Middleware/PreventRequestsDuringMaintenance.php(99): Illuminate\\Pipeline\\Pipeline->Illuminate\\Pipeline\\{closure}(Object(Illuminate\\Http\\Request))
#47 /Users/Shared/dự án /hostist-vps/vendor/laravel/framework/src/Illuminate/Pipeline/Pipeline.php(183): Illuminate\\Foundation\\Http\\Middleware\\PreventRequestsDuringMaintenance->handle(Object(Illuminate\\Http\\Request), Object(Closure))
#48 /Users/Shared/dự án /hostist-vps/vendor/laravel/framework/src/Illuminate/Http/Middleware/HandleCors.php(49): Illuminate\\Pipeline\\Pipeline->Illuminate\\Pipeline\\{closure}(Object(Illuminate\\Http\\Request))
#49 /Users/Shared/dự án /hostist-vps/vendor/laravel/framework/src/Illuminate/Pipeline/Pipeline.php(183): Illuminate\\Http\\Middleware\\HandleCors->handle(Object(Illuminate\\Http\\Request), Object(Closure))
#50 /Users/Shared/dự án /hostist-vps/vendor/laravel/framework/src/Illuminate/Http/Middleware/TrustProxies.php(39): Illuminate\\Pipeline\\Pipeline->Illuminate\\Pipeline\\{closure}(Object(Illuminate\\Http\\Request))
#51 /Users/Shared/dự án /hostist-vps/vendor/laravel/framework/src/Illuminate/Pipeline/Pipeline.php(183): Illuminate\\Http\\Middleware\\TrustProxies->handle(Object(Illuminate\\Http\\Request), Object(Closure))
#52 /Users/Shared/dự án /hostist-vps/vendor/laravel/framework/src/Illuminate/Pipeline/Pipeline.php(119): Illuminate\\Pipeline\\Pipeline->Illuminate\\Pipeline\\{closure}(Object(Illuminate\\Http\\Request))
#53 /Users/Shared/dự án /hostist-vps/vendor/laravel/framework/src/Illuminate/Foundation/Http/Kernel.php(175): Illuminate\\Pipeline\\Pipeline->then(Object(Closure))
#54 /Users/Shared/dự án /hostist-vps/vendor/laravel/framework/src/Illuminate/Foundation/Http/Kernel.php(144): Illuminate\\Foundation\\Http\\Kernel->sendRequestThroughRouter(Object(Illuminate\\Http\\Request))
#55 /Users/Shared/dự án /hostist-vps/public/index.php(51): Illuminate\\Foundation\\Http\\Kernel->handle(Object(Illuminate\\Http\\Request))
#56 /Users/Shared/dự án /hostist-vps/vendor/laravel/framework/src/Illuminate/Foundation/resources/server.php(16): require_once('/Users/Shared/d...')
#57 {main}
"} 
[2026-06-15 14:54:48] local.INFO: Customer services debug {"user_id":4,"customer_id":3,"has_customer":true} 
[2026-06-15 14:54:48] local.INFO: Customer services debug {"user_id":4,"customer_id":3,"has_customer":true} 
[2026-06-15 14:54:54] local.INFO: App\Services\ServiceLifecycleService - Renewal order created {"order_id":19,"invoice_id":19,"customer_service_id":1,"total":342000.0} 
[2026-06-15 14:54:54] local.INFO: App\Services\PaymentService - Bank transfer payment created {"payment_id":21,"order_id":19,"transaction_code":"PAY-1781535294TLZKW"} 
[2026-06-15 15:05:46] local.INFO: App\Services\ServiceLifecycleService - Renewal order created {"order_id":20,"invoice_id":20,"customer_service_id":1,"total":342000.0} 
[2026-06-15 15:05:46] local.INFO: App\Services\PaymentService - Bank transfer payment created {"payment_id":22,"order_id":20,"transaction_code":"PAY-1781535946UJZU5"} 
[2026-06-15 15:06:42] local.INFO: App\Services\ServiceLifecycleService - Renewal order created {"order_id":21,"invoice_id":21,"customer_service_id":1,"total":342000.0} 
[2026-06-15 15:06:42] local.INFO: App\Services\PaymentService - Bank transfer payment created {"payment_id":23,"order_id":21,"transaction_code":"PAY-1781536002LFYF6"} 
